showtime_key,theater_id,movie_id,starts_at,screen_name,tags,first_seen_utc,last_seen_utc,removed_utc,last_pct
G01AA|296642|2026-09-24 14:00|Screen 1,G01AA,296642,2026-09-24 14:00,Screen 1,"Auditorium.Comfort.Recliners,Auditorium.Comfort.ReservedSeating,Format.Projection.Scope,Showtime.Accessibility.AudioDescription,Showtime.Accessibility.ClosedCaption",2026-09-24 22:03:07,2026-09-25 00:26:00,,0
G01AA|1000024131|2026-09-24 14:15|Screen 5,G01AA,1000024131,2026-09-24 14:15,Screen 5,"Auditorium.Comfort.Recliners,Auditorium.Comfort.ReservedSeating,Format.Projection.Digital,Showtime.Accessibility.AudioDescription,Showtime.Accessibility.ClosedCaption",2026-09-24 22:03:07,2026-09-25 00:26:00,,0
G01AA|1000018854|2026-09-24 14:30|Screen 3,G01AA,1000018854,2026-09-24 14:30,Screen 3,"Auditorium.Comfort.Recliners,Auditorium.Comfort.ReservedSeating,Format.Projection.Scope,Showtime.Accessibility.AudioDescription,Showtime.Accessibility.ClosedCaption",2026-09-24 22:03:07,2026-09-25 00:26:00,,0
G01AA|1000036867|2026-09-24 15:15|Screen 2,G01AA,1000036867,2026-09-24 15:15,Screen 2,"Auditorium.Comfort.Recliners,Auditorium.Comfort.ReservedSeating,Format.Projection.Digital,Showtime.Accessibility.AudioDescription,Showtime.Accessibility.ClosedCaption",2026-09-24 22:03:07,2026-09-25 00:26:00,,0
G01AA|1000004679|2026-09-24 15:25|Screen 4,G01AA,1000004679,2026-09-24 15:25,Screen 4,"Auditorium.Comfort.Recliners,Auditorium.Comfort.ReservedSeating,Format.Projection.Scope,Screen.Accessibility.HearingImpaired,Showtime.Accessibility.AudioDescription,Showtime.Accessibility.ClosedCaption",2026-09-24 22:03:07,2026-09-25 00:26:00,,11
G01AA|296642|2026-09-24 16:30|Screen 1,G01AA,296642,2026-09-24 16:30,Screen 1,"Auditorium.Comfort.Recliners,Auditorium.Comfort.ReservedSeating,Format.Projection.Scope,Showtime.Accessibility.AudioDescription,Showtime.Accessibility.ClosedCaption",2026-09-24 22:03:07,2026-09-25 00:26:00,,3
G01AA|1000024131|2026-09-24 16:40|Screen 5,G01AA,1000024131,2026-09-24 16:40,Screen 5,"Auditorium.Comfort.Recliners,Auditorium.Comfort.ReservedSeating,Format.Projection.Digital,Showtime.Accessibility.AudioDescription,Showtime.Accessibility.ClosedCaption",2026-09-24 22:03:07,2026-09-25 00:26:00,,15
G01AA|1000018854|2026-09-24 16:45|Screen 3,G01AA,1000018854,2026-09-24 16:45,Screen 3,"Auditorium.Comfort.Recliners,Auditorium.Comfort.ReservedSeating,Format.Projection.Scope,Showtime.Accessibility.AudioDescription,Showtime.Accessibility.ClosedCaption",2026-09-24 22:03:07,2026-09-25 00:26:00,,15
G01AA|296642|2026-09-24 19:00|Screen 1,G01AA,296642,2026-09-24 19:00,Screen 1,"Auditorium.Comfort.Recliners,Auditorium.Comfort.ReservedSeating,Format.Projection.Scope,Showtime.Accessibility.AudioDescription,Showtime.Accessibility.ClosedCaption",2026-09-24 22:03:07,2026-09-25 00:26:00,,16
G01AA|1000024131|2026-09-24 19:05|Screen 5,G01AA,1000024131,2026-09-24 19:05,Screen 5,"Auditorium.Comfort.Recliners,Auditorium.Comfort.ReservedSeating,Format.Projection.Digital,Showtime.Accessibility.AudioDescription,Showtime.Accessibility.ClosedCaption",2026-09-24 22:03:07,2026-09-25 00:26:00,,0
G01AA|1000018854|2026-09-24 19:10|Screen 3,G01AA,1000018854,2026-09-24 19:10,Screen 3,"Auditorium.Comfort.Recliners,Auditorium.Comfort.ReservedSeating,Format.Projection.Scope,Showtime.Accessibility.AudioDescription,Showtime.Accessibility.ClosedCaption",2026-09-24 22:03:07,2026-09-25 00:26:00,,4
G01AA|1000004679|2026-09-24 19:15|Screen 4,G01AA,1000004679,2026-09-24 19:15,Screen 4,"Auditorium.Comfort.Recliners,Auditorium.Comfort.ReservedSeating,Format.Projection.Scope,Screen.Accessibility.HearingImpaired,Showtime.Accessibility.AudioDescription,Showtime.Accessibility.ClosedCaption",2026-09-24 22:03:07,2026-09-25 00:26:00,,50
G01AA|1000036867|2026-09-24 19:30|Screen 2,G01AA,1000036867,2026-09-24 19:30,Screen 2,"Auditorium.Comfort.Recliners,Auditorium.Comfort.ReservedSeating,Format.Projection.Digital,Showtime.Accessibility.AudioDescription,Showtime.Accessibility.ClosedCaption",2026-09-24 22:03:07,2026-09-25 00:26:00,,12
G01AA|1000004679|2026-09-25 13:45|Screen 4,G01AA,1000004679,2026-09-25 13:45,Screen 4,"Auditorium.Comfort.Recliners,Auditorium.Comfort.ReservedSeating,Format.Projection.Scope,Screen.Accessibility.HearingImpaired,Showtime.Accessibility.AudioDescription,Showtime.Accessibility.ClosedCaption",2026-09-24 22:03:07,2026-09-26 03:45:17,,0
G01AA|296642|2026-09-25 14:00|Screen 1,G01AA,296642,2026-09-25 14:00,Screen 1,"Auditorium.Comfort.Recliners,Auditorium.Comfort.ReservedSeating,Format.Projection.Scope,Showtime.Accessibility.AudioDescription,Showtime.Accessibility.ClosedCaption",2026-09-24 22:03:07,2026-09-26 03:45:17,,4
G01AA|1000024131|2026-09-25 14:10|Screen 3,G01AA,1000024131,2026-09-25 14:10,Screen 3,"Auditorium.Comfort.Recliners,Auditorium.Comfort.ReservedSeating,Format.Projection.Digital,Showtime.Accessibility.AudioDescription,Showtime.Accessibility.ClosedCaption",2026-09-24 22:03:07,2026-09-26 03:45:17,,0
G01AA|1000018854|2026-09-25 14:35|Screen 5,G01AA,1000018854,2026-09-25 14:35,Screen 5,"Auditorium.Comfort.Recliners,Auditorium.Comfort.ReservedSeating,Format.Projection.Scope,Showtime.Accessibility.AudioDescription,Showtime.Accessibility.ClosedCaption",2026-09-24 22:03:07,2026-09-26 03:45:17,,0
G01AA|296642|2026-09-25 15:30|Screen 2,G01AA,296642,2026-09-25 15:30,Screen 2,"Auditorium.Comfort.Recliners,Auditorium.Comfort.ReservedSeating,Format.Projection.Scope,Showtime.Accessibility.AudioDescription,Showtime.Accessibility.ClosedCaption",2026-09-24 22:03:07,2026-09-26 03:45:17,,4
G01AA|1000036867|2026-09-25 16:25|Screen 3,G01AA,1000036867,2026-09-25 16:25,Screen 3,"Auditorium.Comfort.Recliners,Auditorium.Comfort.ReservedSeating,Format.Projection.Digital,Showtime.Accessibility.AudioDescription,Showtime.Accessibility.ClosedCaption",2026-09-24 22:03:07,2026-09-26 03:45:17,,4
G01AA|296642|2026-09-25 16:30|Screen 1,G01AA,296642,2026-09-25 16:30,Screen 1,"Auditorium.Comfort.Recliners,Auditorium.Comfort.ReservedSeating,Format.Projection.Scope,Showtime.Accessibility.AudioDescription,Showtime.Accessibility.ClosedCaption",2026-09-24 22:03:07,2026-09-26 03:45:17,,7
G01AA|1000004679|2026-09-25 16:35|Screen 4,G01AA,1000004679,2026-09-25 16:35,Screen 4,"Auditorium.Comfort.Recliners,Auditorium.Comfort.ReservedSeating,Format.Projection.Scope,Screen.Accessibility.HearingImpaired,Showtime.Accessibility.AudioDescription,Showtime.Accessibility.ClosedCaption",2026-09-24 22:03:07,2026-09-26 03:45:17,,11
G01AA|1000018854|2026-09-25 16:50|Screen 5,G01AA,1000018854,2026-09-25 16:50,Screen 5,"Auditorium.Comfort.Recliners,Auditorium.Comfort.ReservedSeating,Format.Projection.Scope,Showtime.Accessibility.AudioDescription,Showtime.Accessibility.ClosedCaption",2026-09-24 22:03:07,2026-09-26 03:45:17,,0
G01AA|296642|2026-09-25 19:00|Screen 1,G01AA,296642,2026-09-25 19:00,Screen 1,"Auditorium.Comfort.Recliners,Auditorium.Comfort.ReservedSeating,Format.Projection.Scope,Showtime.Accessibility.AudioDescription,Showtime.Accessibility.ClosedCaption",2026-09-24 22:03:07,2026-09-26 03:45:17,,29
G01AA|1000018854|2026-09-25 19:05|Screen 5,G01AA,1000018854,2026-09-25 19:05,Screen 5,"Auditorium.Comfort.Recliners,Auditorium.Comfort.ReservedSeating,Format.Projection.Scope,Showtime.Accessibility.AudioDescription,Showtime.Accessibility.ClosedCaption",2026-09-24 22:03:07,2026-09-26 03:45:17,,10
G01AA|1000036867|2026-09-25 19:15|Screen 2,G01AA,1000036867,2026-09-25 19:15,Screen 2,"Auditorium.Comfort.Recliners,Auditorium.Comfort.ReservedSeating,Format.Projection.Digital,Showtime.Accessibility.AudioDescription,Showtime.Accessibility.ClosedCaption",2026-09-24 22:03:07,2026-09-26 03:45:17,,16
G01AA|1000004679|2026-09-25 19:30|Screen 4,G01AA,1000004679,2026-09-25 19:30,Screen 4,"Auditorium.Comfort.Recliners,Auditorium.Comfort.ReservedSeating,Format.Projection.Scope,Internal.Data.AlmostSoldOut,Screen.Accessibility.HearingImpaired,Showtime.Accessibility.AudioDescription,Showtime.Accessibility.ClosedCaption",2026-09-24 22:03:07,2026-09-26 03:45:17,,78
G01AA|1000036867|2026-09-25 20:15|Screen 3,G01AA,1000036867,2026-09-25 20:15,Screen 3,"Auditorium.Comfort.Recliners,Auditorium.Comfort.ReservedSeating,Format.Projection.Digital,Showtime.Accessibility.AudioDescription,Showtime.Accessibility.ClosedCaption",2026-09-24 22:03:07,2026-09-26 03:45:17,,13
G01AA|296642|2026-09-25 21:15|Screen 5,G01AA,296642,2026-09-25 21:15,Screen 5,"Auditorium.Comfort.Recliners,Auditorium.Comfort.ReservedSeating,Format.Projection.Scope,Showtime.Accessibility.AudioDescription,Showtime.Accessibility.ClosedCaption",2026-09-24 22:03:07,2026-09-26 03:45:17,,20
G01AA|1000036867|2026-09-25 21:35|Screen 1,G01AA,1000036867,2026-09-25 21:35,Screen 1,"Auditorium.Comfort.Recliners,Auditorium.Comfort.ReservedSeating,Format.Projection.Digital,Showtime.Accessibility.AudioDescription,Showtime.Accessibility.ClosedCaption",2026-09-24 22:03:07,2026-09-26 03:45:17,,7
G01AA|1000004679|2026-09-25 22:25|Screen 4,G01AA,1000004679,2026-09-25 22:25,Screen 4,"Auditorium.Comfort.Recliners,Auditorium.Comfort.ReservedSeating,Format.Projection.Scope,Screen.Accessibility.HearingImpaired,Showtime.Accessibility.AudioDescription,Showtime.Accessibility.ClosedCaption",2026-09-24 22:03:07,2026-09-26 03:45:17,,0
G01AA|1000018854|2026-09-25 23:00|Screen 2,G01AA,1000018854,2026-09-25 23:00,Screen 2,"Auditorium.Comfort.Recliners,Auditorium.Comfort.ReservedSeating,Format.Projection.Scope,Showtime.Accessibility.AudioDescription,Showtime.Accessibility.ClosedCaption",2026-09-24 22:03:07,2026-09-26 03:45:17,,10
G01AA|1000004679|2026-09-26 11:00|Screen 4,G01AA,1000004679,2026-09-26 11:00,Screen 4,"Auditorium.Comfort.Recliners,Auditorium.Comfort.ReservedSeating,Format.Projection.Scope,Screen.Accessibility.HearingImpaired,Showtime.Accessibility.AudioDescription,Showtime.Accessibility.ClosedCaption",2026-09-24 22:03:07,2026-09-27 03:45:14,,0
G01AA|1000024131|2026-09-26 11:05|Screen 3,G01AA,1000024131,2026-09-26 11:05,Screen 3,"Auditorium.Comfort.Recliners,Auditorium.Comfort.ReservedSeating,Format.Projection.Digital,Showtime.Accessibility.AudioDescription,Showtime.Accessibility.ClosedCaption",2026-09-24 22:03:07,2026-09-27 03:45:14,,25
G01AA|1000036867|2026-09-26 11:25|Screen 2,G01AA,1000036867,2026-09-26 11:25,Screen 2,"Auditorium.Comfort.Recliners,Auditorium.Comfort.ReservedSeating,Format.Projection.Digital,Showtime.Accessibility.AudioDescription,Showtime.Accessibility.ClosedCaption",2026-09-24 22:03:07,2026-09-27 03:45:14,,35
G01AA|296642|2026-09-26 11:30|Screen 1,G01AA,296642,2026-09-26 11:30,Screen 1,"Auditorium.Comfort.Recliners,Auditorium.Comfort.ReservedSeating,Format.Projection.Scope,Showtime.Accessibility.AudioDescription,Showtime.Accessibility.ClosedCaption",2026-09-24 22:03:07,2026-09-27 03:45:14,,18
G01AA|1000018854|2026-09-26 11:45|Screen 5,G01AA,1000018854,2026-09-26 11:45,Screen 5,"Auditorium.Comfort.Recliners,Auditorium.Comfort.ReservedSeating,Format.Projection.Scope,Showtime.Accessibility.AudioDescription,Showtime.Accessibility.ClosedCaption",2026-09-24 22:03:07,2026-09-27 03:45:14,,10
G01AA|1000036867|2026-09-26 13:15|Screen 3,G01AA,1000036867,2026-09-26 13:15,Screen 3,"Auditorium.Comfort.Recliners,Auditorium.Comfort.ReservedSeating,Format.Projection.Digital,Showtime.Accessibility.AudioDescription,Showtime.Accessibility.ClosedCaption",2026-09-24 22:03:07,2026-09-27 03:45:14,,52
G01AA|1000004679|2026-09-26 13:45|Screen 4,G01AA,1000004679,2026-09-26 13:45,Screen 4,"Auditorium.Comfort.Recliners,Auditorium.Comfort.ReservedSeating,Format.Projection.Scope,Screen.Accessibility.HearingImpaired,Showtime.Accessibility.AudioDescription,Showtime.Accessibility.ClosedCaption",2026-09-24 22:03:07,2026-09-27 03:45:14,,67
G01AA|296642|2026-09-26 14:00|Screen 1,G01AA,296642,2026-09-26 14:00,Screen 1,"Auditorium.Comfort.Recliners,Auditorium.Comfort.ReservedSeating,Format.Projection.Scope,Internal.Data.AlmostSoldOut,Showtime.Accessibility.AudioDescription,Showtime.Accessibility.ClosedCaption",2026-09-24 22:03:07,2026-09-27 03:45:14,,81
G01AA|1000018854|2026-09-26 14:35|Screen 5,G01AA,1000018854,2026-09-26 14:35,Screen 5,"Auditorium.Comfort.Recliners,Auditorium.Comfort.ReservedSeating,Format.Projection.Scope,Showtime.Accessibility.AudioDescription,Showtime.Accessibility.ClosedCaption",2026-09-24 22:03:07,2026-09-27 03:45:14,,30
G01AA|296642|2026-09-26 15:30|Screen 2,G01AA,296642,2026-09-26 15:30,Screen 2,"Auditorium.Comfort.Recliners,Auditorium.Comfort.ReservedSeating,Format.Projection.Scope,Showtime.Accessibility.AudioDescription,Showtime.Accessibility.ClosedCaption",2026-09-24 22:03:07,2026-09-27 03:45:14,,65
G01AA|296642|2026-09-26 16:30|Screen 1,G01AA,296642,2026-09-26 16:30,Screen 1,"Auditorium.Comfort.Recliners,Auditorium.Comfort.ReservedSeating,Format.Projection.Scope,Showtime.Accessibility.AudioDescription,Showtime.Accessibility.ClosedCaption",2026-09-24 22:03:07,2026-09-27 03:45:14,,42
G01AA|1000004679|2026-09-26 16:35|Screen 4,G01AA,1000004679,2026-09-26 16:35,Screen 4,"Auditorium.Comfort.Recliners,Auditorium.Comfort.ReservedSeating,Format.Projection.Scope,Screen.Accessibility.HearingImpaired,Showtime.Accessibility.AudioDescription,Showtime.Accessibility.ClosedCaption",2026-09-24 22:03:07,2026-09-27 03:45:14,,33
G01AA|1000018854|2026-09-26 16:50|Screen 5,G01AA,1000018854,2026-09-26 16:50,Screen 5,"Auditorium.Comfort.Recliners,Auditorium.Comfort.ReservedSeating,Format.Projection.Scope,Showtime.Accessibility.AudioDescription,Showtime.Accessibility.ClosedCaption",2026-09-24 22:03:07,2026-09-27 03:45:14,,40
G01AA|1000036867|2026-09-26 17:00|Screen 3,G01AA,1000036867,2026-09-26 17:00,Screen 3,"Auditorium.Comfort.Recliners,Auditorium.Comfort.ReservedSeating,Format.Projection.Digital,Showtime.Accessibility.AudioDescription,Showtime.Accessibility.ClosedCaption",2026-09-24 22:03:07,2026-09-27 03:45:14,,38
G01AA|296642|2026-09-26 19:00|Screen 1,G01AA,296642,2026-09-26 19:00,Screen 1,"Auditorium.Comfort.Recliners,Auditorium.Comfort.ReservedSeating,Format.Projection.Scope,Showtime.Accessibility.AudioDescription,Showtime.Accessibility.ClosedCaption",2026-09-24 22:03:07,2026-09-27 03:45:14,,48
G01AA|1000018854|2026-09-26 19:05|Screen 5,G01AA,1000018854,2026-09-26 19:05,Screen 5,"Auditorium.Comfort.Recliners,Auditorium.Comfort.ReservedSeating,Format.Projection.Scope,Internal.Data.AlmostSoldOut,Showtime.Accessibility.AudioDescription,Showtime.Accessibility.ClosedCaption",2026-09-24 22:03:07,2026-09-27 03:45:14,,85
G01AA|1000036867|2026-09-26 19:15|Screen 2,G01AA,1000036867,2026-09-26 19:15,Screen 2,"Auditorium.Comfort.Recliners,Auditorium.Comfort.ReservedSeating,Format.Projection.Digital,Showtime.Accessibility.AudioDescription,Showtime.Accessibility.ClosedCaption",2026-09-24 22:03:07,2026-09-27 03:45:14,,33
G01AA|1000004679|2026-09-26 19:30|Screen 4,G01AA,1000004679,2026-09-26 19:30,Screen 4,"Auditorium.Comfort.Recliners,Auditorium.Comfort.ReservedSeating,Format.Projection.Scope,Internal.Data.AlmostSoldOut,Screen.Accessibility.HearingImpaired,Showtime.Accessibility.AudioDescription,Showtime.Accessibility.ClosedCaption",2026-09-24 22:03:07,2026-09-27 03:45:14,,89
G01AA|1000036867|2026-09-26 20:45|Screen 3,G01AA,1000036867,2026-09-26 20:45,Screen 3,"Auditorium.Comfort.Recliners,Auditorium.Comfort.ReservedSeating,Format.Projection.Digital,Showtime.Accessibility.AudioDescription,Showtime.Accessibility.ClosedCaption",2026-09-24 22:03:07,2026-09-27 03:45:14,,21
G01AA|296642|2026-09-26 21:15|Screen 5,G01AA,296642,2026-09-26 21:15,Screen 5,"Auditorium.Comfort.Recliners,Auditorium.Comfort.ReservedSeating,Format.Projection.Scope,Showtime.Accessibility.AudioDescription,Showtime.Accessibility.ClosedCaption",2026-09-24 22:03:07,2026-09-27 03:45:14,,35
G01AA|1000036867|2026-09-26 21:35|Screen 1,G01AA,1000036867,2026-09-26 21:35,Screen 1,"Auditorium.Comfort.Recliners,Auditorium.Comfort.ReservedSeating,Format.Projection.Digital,Showtime.Accessibility.AudioDescription,Showtime.Accessibility.ClosedCaption",2026-09-24 22:03:07,2026-09-27 03:45:14,,3
G01AA|1000004679|2026-09-26 22:25|Screen 4,G01AA,1000004679,2026-09-26 22:25,Screen 4,"Auditorium.Comfort.Recliners,Auditorium.Comfort.ReservedSeating,Format.Projection.Scope,Screen.Accessibility.HearingImpaired,Showtime.Accessibility.AudioDescription,Showtime.Accessibility.ClosedCaption",2026-09-24 22:03:07,2026-09-27 03:45:14,,11
G01AA|1000018854|2026-09-26 23:00|Screen 2,G01AA,1000018854,2026-09-26 23:00,Screen 2,"Auditorium.Comfort.Recliners,Auditorium.Comfort.ReservedSeating,Format.Projection.Scope,Showtime.Accessibility.AudioDescription,Showtime.Accessibility.ClosedCaption",2026-09-24 22:03:07,2026-09-27 03:45:14,,0
G01AA|1000004679|2026-09-27 11:00|Screen 4,G01AA,1000004679,2026-09-27 11:00,Screen 4,"Auditorium.Comfort.Recliners,Auditorium.Comfort.ReservedSeating,Format.Projection.Scope,Screen.Accessibility.HearingImpaired,Showtime.Accessibility.AudioDescription,Showtime.Accessibility.ClosedCaption",2026-09-24 22:03:07,2026-09-28 03:46:24,,44
G01AA|1000036867|2026-09-27 11:25|Screen 2,G01AA,1000036867,2026-09-27 11:25,Screen 2,"Auditorium.Comfort.Recliners,Auditorium.Comfort.ReservedSeating,Format.Projection.Digital,Showtime.Accessibility.AudioDescription,Showtime.Accessibility.ClosedCaption",2026-09-24 22:03:07,2026-09-28 03:46:24,,8
G01AA|296642|2026-09-27 11:30|Screen 1,G01AA,296642,2026-09-27 11:30,Screen 1,"Auditorium.Comfort.Recliners,Auditorium.Comfort.ReservedSeating,Format.Projection.Scope,Showtime.Accessibility.AudioDescription,Showtime.Accessibility.ClosedCaption",2026-09-24 22:03:07,2026-09-28 03:46:24,,28
G01AA|1000024131|2026-09-27 11:45|Screen 3,G01AA,1000024131,2026-09-27 11:45,Screen 3,"Auditorium.Comfort.Recliners,Auditorium.Comfort.ReservedSeating,Format.Projection.Digital,Showtime.Accessibility.AudioDescription,Showtime.Accessibility.ClosedCaption",2026-09-24 22:03:07,2026-09-28 03:46:24,,50
G01AA|1000018854|2026-09-27 12:00|Screen 5,G01AA,1000018854,2026-09-27 12:00,Screen 5,"Auditorium.Comfort.Recliners,Auditorium.Comfort.ReservedSeating,Format.Projection.Scope,Showtime.Accessibility.AudioDescription,Showtime.Accessibility.ClosedCaption",2026-09-24 22:03:07,2026-09-28 03:46:24,,20
G01AA|1000004679|2026-09-27 13:50|Screen 4,G01AA,1000004679,2026-09-27 13:50,Screen 4,"Auditorium.Comfort.Recliners,Auditorium.Comfort.ReservedSeating,Format.Projection.Scope,Screen.Accessibility.HearingImpaired,Showtime.Accessibility.AudioDescription,Showtime.Accessibility.ClosedCaption",2026-09-24 22:03:07,2026-09-28 03:46:24,,39
G01AA|296642|2026-09-27 14:00|Screen 1,G01AA,296642,2026-09-27 14:00,Screen 1,"Auditorium.Comfort.Recliners,Auditorium.Comfort.ReservedSeating,Format.Projection.Scope,Showtime.Accessibility.AudioDescription,Showtime.Accessibility.ClosedCaption",2026-09-24 22:03:07,2026-09-28 03:46:24,,75
G01AA|1000036867|2026-09-27 14:15|Screen 3,G01AA,1000036867,2026-09-27 14:15,Screen 3,"Auditorium.Comfort.Recliners,Auditorium.Comfort.ReservedSeating,Format.Projection.Digital,Showtime.Accessibility.AudioDescription,Showtime.Accessibility.ClosedCaption",2026-09-24 22:03:07,2026-09-28 03:46:24,,46
G01AA|1000018854|2026-09-27 14:35|Screen 5,G01AA,1000018854,2026-09-27 14:35,Screen 5,"Auditorium.Comfort.Recliners,Auditorium.Comfort.ReservedSeating,Format.Projection.Scope,Showtime.Accessibility.AudioDescription,Showtime.Accessibility.ClosedCaption",2026-09-24 22:03:07,2026-09-28 03:46:24,,35
G01AA|296642|2026-09-27 15:30|Screen 2,G01AA,296642,2026-09-27 15:30,Screen 2,"Auditorium.Comfort.Recliners,Auditorium.Comfort.ReservedSeating,Format.Projection.Scope,Internal.Data.AlmostSoldOut,Showtime.Accessibility.AudioDescription,Showtime.Accessibility.ClosedCaption",2026-09-24 22:03:07,2026-09-28 03:46:24,,100
G01AA|296642|2026-09-27 16:30|Screen 1,G01AA,296642,2026-09-27 16:30,Screen 1,"Auditorium.Comfort.Recliners,Auditorium.Comfort.ReservedSeating,Format.Projection.Scope,Showtime.Accessibility.AudioDescription,Showtime.Accessibility.ClosedCaption",2026-09-24 22:03:07,2026-09-28 03:46:24,,52
G01AA|1000004679|2026-09-27 16:45|Screen 4,G01AA,1000004679,2026-09-27 16:45,Screen 4,"Auditorium.Comfort.Recliners,Auditorium.Comfort.ReservedSeating,Format.Projection.Scope,Screen.Accessibility.HearingImpaired,Showtime.Accessibility.AudioDescription,Showtime.Accessibility.ClosedCaption",2026-09-24 22:03:07,2026-09-28 03:46:24,,11
G01AA|1000018854|2026-09-27 16:50|Screen 5,G01AA,1000018854,2026-09-27 16:50,Screen 5,"Auditorium.Comfort.Recliners,Auditorium.Comfort.ReservedSeating,Format.Projection.Scope,Internal.Data.AlmostSoldOut,Showtime.Accessibility.AudioDescription,Showtime.Accessibility.ClosedCaption",2026-09-24 22:03:07,2026-09-28 03:46:24,,85
G01AA|1000036867|2026-09-27 18:15|Screen 3,G01AA,1000036867,2026-09-27 18:15,Screen 3,"Auditorium.Comfort.Recliners,Auditorium.Comfort.ReservedSeating,Format.Projection.Digital,Showtime.Accessibility.AudioDescription,Showtime.Accessibility.ClosedCaption",2026-09-24 22:03:07,2026-09-28 03:46:24,,15
G01AA|296642|2026-09-27 19:00|Screen 1,G01AA,296642,2026-09-27 19:00,Screen 1,"Auditorium.Comfort.Recliners,Auditorium.Comfort.ReservedSeating,Format.Projection.Scope,Showtime.Accessibility.AudioDescription,Showtime.Accessibility.ClosedCaption",2026-09-24 22:03:07,2026-09-28 03:46:24,,9
G01AA|1000018854|2026-09-27 19:05|Screen 5,G01AA,1000018854,2026-09-27 19:05,Screen 5,"Auditorium.Comfort.Recliners,Auditorium.Comfort.ReservedSeating,Format.Projection.Scope,Showtime.Accessibility.AudioDescription,Showtime.Accessibility.ClosedCaption",2026-09-24 22:03:07,2026-09-28 03:46:24,,10
G01AA|1000036867|2026-09-27 19:15|Screen 2,G01AA,1000036867,2026-09-27 19:15,Screen 2,"Auditorium.Comfort.Recliners,Auditorium.Comfort.ReservedSeating,Format.Projection.Digital,Showtime.Accessibility.AudioDescription,Showtime.Accessibility.ClosedCaption",2026-09-24 22:03:07,2026-09-28 03:46:24,,0
G01AA|1000004679|2026-09-27 19:45|Screen 4,G01AA,1000004679,2026-09-27 19:45,Screen 4,"Auditorium.Comfort.Recliners,Auditorium.Comfort.ReservedSeating,Format.Projection.Scope,Screen.Accessibility.HearingImpaired,Showtime.Accessibility.AudioDescription,Showtime.Accessibility.ClosedCaption",2026-09-24 22:03:07,2026-09-28 03:46:24,,33
G01AA|1000024131|2026-09-28 13:30|Screen 3,G01AA,1000024131,2026-09-28 13:30,Screen 3,"Auditorium.Comfort.Recliners,Auditorium.Comfort.ReservedSeating,Format.Projection.Digital,Showtime.Accessibility.AudioDescription,Showtime.Accessibility.ClosedCaption",2026-09-24 22:03:07,2026-09-29 03:45:17,,0
G01AA|1000004679|2026-09-28 13:45|Screen 4,G01AA,1000004679,2026-09-28 13:45,Screen 4,"Auditorium.Comfort.Recliners,Auditorium.Comfort.ReservedSeating,Format.Projection.Scope,Screen.Accessibility.HearingImpaired,Showtime.Accessibility.AudioDescription,Showtime.Accessibility.ClosedCaption",2026-09-24 22:03:07,2026-09-29 03:45:17,,0
G01AA|296642|2026-09-28 13:55|Screen 1,G01AA,296642,2026-09-28 13:55,Screen 1,"Auditorium.Comfort.Recliners,Auditorium.Comfort.ReservedSeating,Format.Projection.Scope,Showtime.Accessibility.AudioDescription,Showtime.Accessibility.ClosedCaption",2026-09-24 22:03:07,2026-09-29 03:45:17,,0
G01AA|1000036867|2026-09-28 14:15|Screen 2,G01AA,1000036867,2026-09-28 14:15,Screen 2,"Auditorium.Comfort.Recliners,Auditorium.Comfort.ReservedSeating,Format.Projection.Digital,Showtime.Accessibility.AudioDescription,Showtime.Accessibility.ClosedCaption",2026-09-24 22:03:07,2026-09-29 03:45:17,,0
G01AA|1000018854|2026-09-28 14:35|Screen 5,G01AA,1000018854,2026-09-28 14:35,Screen 5,"Auditorium.Comfort.Recliners,Auditorium.Comfort.ReservedSeating,Format.Projection.Scope,Showtime.Accessibility.AudioDescription,Showtime.Accessibility.ClosedCaption",2026-09-24 22:03:07,2026-09-29 03:45:17,,0
G01AA|1000036867|2026-09-28 15:45|Screen 3,G01AA,1000036867,2026-09-28 15:45,Screen 3,"Auditorium.Comfort.Recliners,Auditorium.Comfort.ReservedSeating,Format.Projection.Digital,Showtime.Accessibility.AudioDescription,Showtime.Accessibility.ClosedCaption",2026-09-24 22:03:07,2026-09-29 03:45:17,,2
G01AA|296642|2026-09-28 16:30|Screen 1,G01AA,296642,2026-09-28 16:30,Screen 1,"Auditorium.Comfort.Recliners,Auditorium.Comfort.ReservedSeating,Format.Projection.Scope,Showtime.Accessibility.AudioDescription,Showtime.Accessibility.ClosedCaption",2026-09-24 22:03:07,2026-09-29 03:45:17,,6
G01AA|1000004679|2026-09-28 16:45|Screen 4,G01AA,1000004679,2026-09-28 16:45,Screen 4,"Auditorium.Comfort.Recliners,Auditorium.Comfort.ReservedSeating,Format.Projection.Scope,Screen.Accessibility.HearingImpaired,Showtime.Accessibility.AudioDescription,Showtime.Accessibility.ClosedCaption",2026-09-24 22:03:07,2026-09-29 03:45:17,,0
G01AA|1000018854|2026-09-28 16:50|Screen 5,G01AA,1000018854,2026-09-28 16:50,Screen 5,"Auditorium.Comfort.Recliners,Auditorium.Comfort.ReservedSeating,Format.Projection.Scope,Showtime.Accessibility.AudioDescription,Showtime.Accessibility.ClosedCaption",2026-09-24 22:03:07,2026-09-29 03:45:17,,0
G01AA|296642|2026-09-28 18:00|Screen 2,G01AA,296642,2026-09-28 18:00,Screen 2,"Auditorium.Comfort.Recliners,Auditorium.Comfort.ReservedSeating,Format.Projection.Scope,Showtime.Accessibility.AudioDescription,Showtime.Accessibility.ClosedCaption",2026-09-24 22:03:07,2026-09-29 03:45:17,,0
G01AA|296642|2026-09-28 19:00|Screen 1,G01AA,296642,2026-09-28 19:00,Screen 1,"Auditorium.Comfort.Recliners,Auditorium.Comfort.ReservedSeating,Format.Projection.Scope,Showtime.Accessibility.AudioDescription,Showtime.Accessibility.ClosedCaption",2026-09-24 22:03:07,2026-09-29 03:45:17,,0
G01AA|1000018854|2026-09-28 19:05|Screen 5,G01AA,1000018854,2026-09-28 19:05,Screen 5,"Auditorium.Comfort.Recliners,Auditorium.Comfort.ReservedSeating,Format.Projection.Scope,Showtime.Accessibility.AudioDescription,Showtime.Accessibility.ClosedCaption",2026-09-24 22:03:07,2026-09-29 03:45:17,,25
G01AA|1000036867|2026-09-28 19:30|Screen 3,G01AA,1000036867,2026-09-28 19:30,Screen 3,"Auditorium.Comfort.Recliners,Auditorium.Comfort.ReservedSeating,Format.Projection.Digital,Showtime.Accessibility.AudioDescription,Showtime.Accessibility.ClosedCaption",2026-09-24 22:03:07,2026-09-29 03:45:17,,4
G01AA|1000004679|2026-09-28 19:45|Screen 4,G01AA,1000004679,2026-09-28 19:45,Screen 4,"Auditorium.Comfort.Recliners,Auditorium.Comfort.ReservedSeating,Format.Projection.Scope,Screen.Accessibility.HearingImpaired,Showtime.Accessibility.AudioDescription,Showtime.Accessibility.ClosedCaption",2026-09-24 22:03:07,2026-09-29 03:45:17,,22
G01AA|1000024131|2026-09-29 13:30|Screen 3,G01AA,1000024131,2026-09-29 13:30,Screen 3,"Auditorium.Comfort.Recliners,Auditorium.Comfort.ReservedSeating,Format.Projection.Digital,Showtime.Accessibility.AudioDescription,Showtime.Accessibility.ClosedCaption",2026-09-24 22:03:07,2026-09-30 03:45:21,,0
G01AA|1000004679|2026-09-29 13:45|Screen 4,G01AA,1000004679,2026-09-29 13:45,Screen 4,"Auditorium.Comfort.Recliners,Auditorium.Comfort.ReservedSeating,Format.Projection.Scope,Screen.Accessibility.HearingImpaired,Showtime.Accessibility.AudioDescription,Showtime.Accessibility.ClosedCaption",2026-09-24 22:03:07,2026-09-30 03:45:21,,0
G01AA|296642|2026-09-29 13:55|Screen 1,G01AA,296642,2026-09-29 13:55,Screen 1,"Auditorium.Comfort.Recliners,Auditorium.Comfort.ReservedSeating,Format.Projection.Scope,Showtime.Accessibility.AudioDescription,Showtime.Accessibility.ClosedCaption",2026-09-24 22:03:07,2026-09-30 03:45:21,,5
G01AA|1000036867|2026-09-29 14:15|Screen 2,G01AA,1000036867,2026-09-29 14:15,Screen 2,"Auditorium.Comfort.Recliners,Auditorium.Comfort.ReservedSeating,Format.Projection.Digital,Showtime.Accessibility.AudioDescription,Showtime.Accessibility.ClosedCaption",2026-09-24 22:03:07,2026-09-30 03:45:21,,0
G01AA|1000018854|2026-09-29 14:35|Screen 5,G01AA,1000018854,2026-09-29 14:35,Screen 5,"Auditorium.Comfort.Recliners,Auditorium.Comfort.ReservedSeating,Format.Projection.Scope,Showtime.Accessibility.AudioDescription,Showtime.Accessibility.ClosedCaption",2026-09-24 22:03:07,2026-09-30 03:45:21,,0
G01AA|1000036867|2026-09-29 15:45|Screen 3,G01AA,1000036867,2026-09-29 15:45,Screen 3,"Auditorium.Comfort.Recliners,Auditorium.Comfort.ReservedSeating,Format.Projection.Digital,Showtime.Accessibility.AudioDescription,Showtime.Accessibility.ClosedCaption",2026-09-24 22:03:07,2026-09-30 03:45:21,,0
G01AA|296642|2026-09-29 16:30|Screen 1,G01AA,296642,2026-09-29 16:30,Screen 1,"Auditorium.Comfort.Recliners,Auditorium.Comfort.ReservedSeating,Format.Projection.Scope,Showtime.Accessibility.AudioDescription,Showtime.Accessibility.ClosedCaption",2026-09-24 22:03:07,2026-09-30 03:45:21,,0
G01AA|1000004679|2026-09-29 16:45|Screen 4,G01AA,1000004679,2026-09-29 16:45,Screen 4,"Auditorium.Comfort.Recliners,Auditorium.Comfort.ReservedSeating,Format.Projection.Scope,Screen.Accessibility.HearingImpaired,Showtime.Accessibility.AudioDescription,Showtime.Accessibility.ClosedCaption",2026-09-24 22:03:07,2026-09-30 03:45:21,,28
G01AA|1000018854|2026-09-29 16:50|Screen 5,G01AA,1000018854,2026-09-29 16:50,Screen 5,"Auditorium.Comfort.Recliners,Auditorium.Comfort.ReservedSeating,Format.Projection.Scope,Showtime.Accessibility.AudioDescription,Showtime.Accessibility.ClosedCaption",2026-09-24 22:03:07,2026-09-30 03:45:21,,0
G01AA|296642|2026-09-29 18:00|Screen 2,G01AA,296642,2026-09-29 18:00,Screen 2,"Auditorium.Comfort.Recliners,Auditorium.Comfort.ReservedSeating,Format.Projection.Scope,Showtime.Accessibility.AudioDescription,Showtime.Accessibility.ClosedCaption",2026-09-24 22:03:07,2026-09-30 03:45:21,,22
G01AA|296642|2026-09-29 19:00|Screen 1,G01AA,296642,2026-09-29 19:00,Screen 1,"Auditorium.Comfort.Recliners,Auditorium.Comfort.ReservedSeating,Format.Projection.Scope,Showtime.Accessibility.AudioDescription,Showtime.Accessibility.ClosedCaption",2026-09-24 22:03:07,2026-09-30 03:45:21,,1
G01AA|1000018854|2026-09-29 19:05|Screen 5,G01AA,1000018854,2026-09-29 19:05,Screen 5,"Auditorium.Comfort.Recliners,Auditorium.Comfort.ReservedSeating,Format.Projection.Scope,Showtime.Accessibility.AudioDescription,Showtime.Accessibility.ClosedCaption",2026-09-24 22:03:07,2026-09-30 03:45:21,,10
G01AA|1000036867|2026-09-29 19:30|Screen 3,G01AA,1000036867,2026-09-29 19:30,Screen 3,"Auditorium.Comfort.Recliners,Auditorium.Comfort.ReservedSeating,Format.Projection.Digital,Showtime.Accessibility.AudioDescription,Showtime.Accessibility.ClosedCaption",2026-09-24 22:03:07,2026-09-30 03:45:21,,0
G01AA|1000004679|2026-09-29 19:45|Screen 4,G01AA,1000004679,2026-09-29 19:45,Screen 4,"Auditorium.Comfort.Recliners,Auditorium.Comfort.ReservedSeating,Format.Projection.Scope,Screen.Accessibility.HearingImpaired,Showtime.Accessibility.AudioDescription,Showtime.Accessibility.ClosedCaption",2026-09-24 22:03:07,2026-09-30 03:45:21,,17
G01AA|1000024131|2026-09-30 13:30|Screen 3,G01AA,1000024131,2026-09-30 13:30,Screen 3,"Auditorium.Comfort.Recliners,Auditorium.Comfort.ReservedSeating,Format.Projection.Digital,Showtime.Accessibility.AudioDescription,Showtime.Accessibility.ClosedCaption",2026-09-24 22:03:07,2026-10-01 03:45:15,,8
G01AA|1000004679|2026-09-30 13:45|Screen 4,G01AA,1000004679,2026-09-30 13:45,Screen 4,"Auditorium.Comfort.Recliners,Auditorium.Comfort.ReservedSeating,Format.Projection.Scope,Screen.Accessibility.HearingImpaired,Showtime.Accessibility.AudioDescription,Showtime.Accessibility.ClosedCaption",2026-09-24 22:03:07,2026-10-01 03:45:15,,0
G01AA|296642|2026-09-30 13:55|Screen 1,G01AA,296642,2026-09-30 13:55,Screen 1,"Auditorium.Comfort.Recliners,Auditorium.Comfort.ReservedSeating,Format.Projection.Scope,Showtime.Accessibility.AudioDescription,Showtime.Accessibility.ClosedCaption",2026-09-24 22:03:07,2026-10-01 03:45:15,,0
G01AA|1000036867|2026-09-30 14:15|Screen 2,G01AA,1000036867,2026-09-30 14:15,Screen 2,"Auditorium.Comfort.Recliners,Auditorium.Comfort.ReservedSeating,Format.Projection.Digital,Showtime.Accessibility.AudioDescription,Showtime.Accessibility.ClosedCaption",2026-09-24 22:03:07,2026-10-01 03:45:15,,0
G01AA|1000018854|2026-09-30 14:35|Screen 5,G01AA,1000018854,2026-09-30 14:35,Screen 5,"Auditorium.Comfort.Recliners,Auditorium.Comfort.ReservedSeating,Format.Projection.Scope,Showtime.Accessibility.AudioDescription,Showtime.Accessibility.ClosedCaption",2026-09-24 22:03:07,2026-10-01 03:45:15,,0
G01AA|1000036867|2026-09-30 15:45|Screen 3,G01AA,1000036867,2026-09-30 15:45,Screen 3,"Auditorium.Comfort.Recliners,Auditorium.Comfort.ReservedSeating,Format.Projection.Digital,Showtime.Accessibility.AudioDescription,Showtime.Accessibility.ClosedCaption",2026-09-24 22:03:07,2026-10-01 03:45:15,,0
G01AA|296642|2026-09-30 16:30|Screen 1,G01AA,296642,2026-09-30 16:30,Screen 1,"Auditorium.Comfort.Recliners,Auditorium.Comfort.ReservedSeating,Format.Projection.Scope,Showtime.Accessibility.AudioDescription,Showtime.Accessibility.ClosedCaption",2026-09-24 22:03:07,2026-10-01 03:45:15,,2
G01AA|1000004679|2026-09-30 16:45|Screen 4,G01AA,1000004679,2026-09-30 16:45,Screen 4,"Auditorium.Comfort.Recliners,Auditorium.Comfort.ReservedSeating,Format.Projection.Scope,Screen.Accessibility.HearingImpaired,Showtime.Accessibility.AudioDescription,Showtime.Accessibility.ClosedCaption",2026-09-24 22:03:07,2026-10-01 03:45:15,,28
G01AA|1000018854|2026-09-30 16:50|Screen 5,G01AA,1000018854,2026-09-30 16:50,Screen 5,"Auditorium.Comfort.Recliners,Auditorium.Comfort.ReservedSeating,Format.Projection.Scope,Showtime.Accessibility.AudioDescription,Showtime.Accessibility.ClosedCaption",2026-09-24 22:03:07,2026-10-01 03:45:15,,10
G01AA|296642|2026-09-30 19:00|Screen 1,G01AA,296642,2026-09-30 19:00,Screen 1,"Auditorium.Comfort.Recliners,Auditorium.Comfort.ReservedSeating,Format.Projection.Scope,Showtime.Accessibility.AudioDescription,Showtime.Accessibility.ClosedCaption",2026-09-24 22:03:07,2026-10-01 03:45:15,,0
G01AA|1000050801|2026-09-30 19:00|Screen 2,G01AA,1000050801,2026-09-30 19:00,Screen 2,"Auditorium.Comfort.Recliners,Auditorium.Comfort.ReservedSeating,Format.Projection.Scope,Showtime.Accessibility.AudioDescription,Showtime.Accessibility.ClosedCaption",2026-09-24 22:03:07,2026-10-01 03:45:15,,16
G01AA|1000018854|2026-09-30 19:05|Screen 5,G01AA,1000018854,2026-09-30 19:05,Screen 5,"Auditorium.Comfort.Recliners,Auditorium.Comfort.ReservedSeating,Format.Projection.Scope,Showtime.Accessibility.AudioDescription,Showtime.Accessibility.ClosedCaption",2026-09-24 22:03:07,2026-10-01 03:45:15,,10
G01AA|1000036867|2026-09-30 19:30|Screen 3,G01AA,1000036867,2026-09-30 19:30,Screen 3,"Auditorium.Comfort.Recliners,Auditorium.Comfort.ReservedSeating,Format.Projection.Digital,Showtime.Accessibility.AudioDescription,Showtime.Accessibility.ClosedCaption",2026-09-24 22:03:07,2026-10-01 03:45:15,,2
G01AA|1000004679|2026-09-30 19:45|Screen 4,G01AA,1000004679,2026-09-30 19:45,Screen 4,"Auditorium.Comfort.Recliners,Auditorium.Comfort.ReservedSeating,Format.Projection.Scope,Screen.Accessibility.HearingImpaired,Showtime.Accessibility.AudioDescription,Showtime.Accessibility.ClosedCaption",2026-09-24 22:03:07,2026-10-01 03:45:15,,11
G01AA|296642|2026-10-01 13:55|Screen 5,G01AA,296642,2026-10-01 13:55,Screen 5,"Auditorium.Comfort.Recliners,Auditorium.Comfort.ReservedSeating,Format.Projection.Scope,Showtime.Accessibility.AudioDescription,Showtime.Accessibility.ClosedCaption",2026-09-24 22:03:07,2026-10-02 03:45:17,,30
G01AA|327174|2026-10-01 14:00|Screen 2,G01AA,327174,2026-10-01 14:00,Screen 2,"Auditorium.Comfort.Recliners,Auditorium.Comfort.ReservedSeating,Format.Projection.Digital,Showtime.Accessibility.AudioDescription,Showtime.Accessibility.ClosedCaption",2026-09-24 22:03:07,2026-10-02 03:45:17,,0
G01AA|327174|2026-10-01 15:00|Screen 4,G01AA,327174,2026-10-01 15:00,Screen 4,"Auditorium.Comfort.Recliners,Auditorium.Comfort.ReservedSeating,Format.Projection.Digital,Screen.Accessibility.HearingImpaired,Showtime.Accessibility.AudioDescription,Showtime.Accessibility.ClosedCaption",2026-09-29 23:30:17,2026-10-02 03:45:17,,0
G01AA|1000036867|2026-10-01 15:30|Screen 3,G01AA,1000036867,2026-10-01 15:30,Screen 3,"Auditorium.Comfort.Recliners,Auditorium.Comfort.ReservedSeating,Format.Projection.Digital,Showtime.Accessibility.AudioDescription,Showtime.Accessibility.ClosedCaption",2026-09-24 22:03:07,2026-10-02 03:45:17,,0
G01AA|327174|2026-10-01 16:00|Screen 1,G01AA,327174,2026-10-01 16:00,Screen 1,"Auditorium.Comfort.Recliners,Auditorium.Comfort.ReservedSeating,Format.Projection.Digital,Showtime.Accessibility.AudioDescription,Showtime.Accessibility.ClosedCaption",2026-09-24 22:03:07,2026-10-02 03:45:17,,0
G01AA|296642|2026-10-01 16:30|Screen 5,G01AA,296642,2026-10-01 16:30,Screen 5,"Auditorium.Comfort.Recliners,Auditorium.Comfort.ReservedSeating,Format.Projection.Scope,Showtime.Accessibility.AudioDescription,Showtime.Accessibility.ClosedCaption",2026-09-24 22:03:07,2026-10-02 03:45:17,,30
G01AA|1000015739|2026-10-01 17:00|Screen 2,G01AA,1000015739,2026-10-01 17:00,Screen 2,"Auditorium.Comfort.Recliners,Auditorium.Comfort.ReservedSeating,Format.Projection.Scope,Showtime.Accessibility.AudioDescription,Showtime.Accessibility.ClosedCaption",2026-09-24 22:03:07,2026-10-02 03:45:17,,10
G01AA|1000015739|2026-10-01 18:00|Screen 4,G01AA,1000015739,2026-10-01 18:00,Screen 4,"Auditorium.Comfort.Recliners,Auditorium.Comfort.ReservedSeating,Format.Projection.Scope,Screen.Accessibility.HearingImpaired,Showtime.Accessibility.AudioDescription,Showtime.Accessibility.ClosedCaption",2026-09-29 23:30:17,2026-10-02 03:45:17,,22
G01AA|327174|2026-10-01 19:00|Screen 1,G01AA,327174,2026-10-01 19:00,Screen 1,"Auditorium.Comfort.Recliners,Auditorium.Comfort.ReservedSeating,Format.Projection.Digital,Showtime.Accessibility.AudioDescription,Showtime.Accessibility.ClosedCaption",2026-09-24 22:03:07,2026-10-02 03:45:17,,3
G01AA|296642|2026-10-01 19:05|Screen 5,G01AA,296642,2026-10-01 19:05,Screen 5,"Auditorium.Comfort.Recliners,Auditorium.Comfort.ReservedSeating,Format.Projection.Scope,Showtime.Accessibility.AudioDescription,Showtime.Accessibility.ClosedCaption",2026-09-24 22:03:07,2026-10-02 03:45:17,,20
G01AA|1000036867|2026-10-01 19:15|Screen 3,G01AA,1000036867,2026-10-01 19:15,Screen 3,"Auditorium.Comfort.Recliners,Auditorium.Comfort.ReservedSeating,Format.Projection.Digital,Showtime.Accessibility.AudioDescription,Showtime.Accessibility.ClosedCaption",2026-09-24 22:03:07,2026-10-02 03:45:17,,8
G01AA|1000015739|2026-10-01 19:45|Screen 2,G01AA,1000015739,2026-10-01 19:45,Screen 2,"Auditorium.Comfort.Recliners,Auditorium.Comfort.ReservedSeating,Format.Projection.Scope,Showtime.Accessibility.AudioDescription,Showtime.Accessibility.ClosedCaption",2026-09-24 22:03:07,2026-10-02 03:45:17,,14
G01AA|296642|2026-10-02 13:55|Screen 3,G01AA,296642,2026-10-02 13:55,Screen 3,"Auditorium.Comfort.Recliners,Auditorium.Comfort.ReservedSeating,Format.Projection.Scope,Internal.Data.AlmostSoldOut,Showtime.Accessibility.AudioDescription,Showtime.Accessibility.ClosedCaption",2026-09-30 00:00:21,2026-10-03 03:45:15,,100
G01AA|1000015739|2026-10-02 14:00|Screen 2,G01AA,1000015739,2026-10-02 14:00,Screen 2,"Auditorium.Comfort.Recliners,Auditorium.Comfort.ReservedSeating,Format.Projection.Scope,Showtime.Accessibility.AudioDescription,Showtime.Accessibility.ClosedCaption",2026-09-30 00:00:21,2026-10-03 03:45:15,,14
G01AA|327174|2026-10-02 14:05|Screen 4,G01AA,327174,2026-10-02 14:05,Screen 4,"Auditorium.Comfort.Recliners,Auditorium.Comfort.ReservedSeating,Format.Projection.Digital,Screen.Accessibility.HearingImpaired,Showtime.Accessibility.AudioDescription,Showtime.Accessibility.ClosedCaption",2026-09-30 00:00:21,2026-10-03 03:45:15,,0
G01AA|1000036867|2026-10-02 14:30|Screen 5,G01AA,1000036867,2026-10-02 14:30,Screen 5,"Auditorium.Comfort.Recliners,Auditorium.Comfort.ReservedSeating,Format.Projection.Digital,Showtime.Accessibility.AudioDescription,Showtime.Accessibility.ClosedCaption",2026-09-30 00:00:21,2026-10-03 03:45:15,,0
G01AA|327174|2026-10-02 16:00|Screen 1,G01AA,327174,2026-10-02 16:00,Screen 1,"Auditorium.Comfort.Recliners,Auditorium.Comfort.ReservedSeating,Format.Projection.Digital,Showtime.Accessibility.AudioDescription,Showtime.Accessibility.ClosedCaption",2026-09-24 22:03:07,2026-10-03 03:45:15,,0
G01AA|296642|2026-10-02 16:30|Screen 3,G01AA,296642,2026-10-02 16:30,Screen 3,"Auditorium.Comfort.Recliners,Auditorium.Comfort.ReservedSeating,Format.Projection.Scope,Showtime.Accessibility.AudioDescription,Showtime.Accessibility.ClosedCaption",2026-09-30 00:00:21,2026-10-03 03:45:15,,6
G01AA|1000015739|2026-10-02 16:45|Screen 2,G01AA,1000015739,2026-10-02 16:45,Screen 2,"Auditorium.Comfort.Recliners,Auditorium.Comfort.ReservedSeating,Format.Projection.Scope,Showtime.Accessibility.AudioDescription,Showtime.Accessibility.ClosedCaption",2026-09-30 00:00:21,2026-10-03 03:45:15,,12
G01AA|327174|2026-10-02 17:30|Screen 4,G01AA,327174,2026-10-02 17:30,Screen 4,"Auditorium.Comfort.Recliners,Auditorium.Comfort.ReservedSeating,Format.Projection.Digital,Screen.Accessibility.HearingImpaired,Showtime.Accessibility.AudioDescription,Showtime.Accessibility.ClosedCaption",2026-09-30 00:00:21,2026-10-03 03:45:15,,6
G01AA|1000036867|2026-10-02 18:15|Screen 5,G01AA,1000036867,2026-10-02 18:15,Screen 5,"Auditorium.Comfort.Recliners,Auditorium.Comfort.ReservedSeating,Format.Projection.Digital,Showtime.Accessibility.AudioDescription,Showtime.Accessibility.ClosedCaption",2026-09-30 00:00:21,2026-10-03 03:45:15,,10
G01AA|327174|2026-10-02 19:00|Screen 1,G01AA,327174,2026-10-02 19:00,Screen 1,"Auditorium.Comfort.Recliners,Auditorium.Comfort.ReservedSeating,Format.Projection.Digital,Showtime.Accessibility.AudioDescription,Showtime.Accessibility.ClosedCaption",2026-09-24 22:03:07,2026-10-03 03:45:15,,11
G01AA|296642|2026-10-02 19:05|Screen 3,G01AA,296642,2026-10-02 19:05,Screen 3,"Auditorium.Comfort.Recliners,Auditorium.Comfort.ReservedSeating,Format.Projection.Scope,Showtime.Accessibility.AudioDescription,Showtime.Accessibility.ClosedCaption",2026-09-30 00:00:21,2026-10-03 03:45:15,,35
G01AA|1000015739|2026-10-02 19:30|Screen 2,G01AA,1000015739,2026-10-02 19:30,Screen 2,"Auditorium.Comfort.Recliners,Auditorium.Comfort.ReservedSeating,Format.Projection.Scope,Showtime.Accessibility.AudioDescription,Showtime.Accessibility.ClosedCaption",2026-09-30 00:00:21,2026-10-03 03:45:15,,59
G01AA|1000015739|2026-10-02 20:30|Screen 4,G01AA,1000015739,2026-10-02 20:30,Screen 4,"Auditorium.Comfort.Recliners,Auditorium.Comfort.ReservedSeating,Format.Projection.Scope,Internal.Data.AlmostSoldOut,Screen.Accessibility.HearingImpaired,Showtime.Accessibility.AudioDescription,Showtime.Accessibility.ClosedCaption",2026-09-30 00:00:21,2026-10-03 03:45:15,,78
G01AA|296642|2026-10-02 21:40|Screen 3,G01AA,296642,2026-10-02 21:40,Screen 3,"Auditorium.Comfort.Recliners,Auditorium.Comfort.ReservedSeating,Format.Projection.Scope,Showtime.Accessibility.AudioDescription,Showtime.Accessibility.ClosedCaption",2026-09-30 00:00:21,2026-10-03 03:45:15,,8
G01AA|327174|2026-10-02 21:55|Screen 1,G01AA,327174,2026-10-02 21:55,Screen 1,"Auditorium.Comfort.Recliners,Auditorium.Comfort.ReservedSeating,Format.Projection.Digital,Showtime.Accessibility.AudioDescription,Showtime.Accessibility.ClosedCaption",2026-09-30 00:00:21,2026-10-03 03:45:15,,0
G01AA|137973|2026-10-02 22:00|Screen 5,G01AA,137973,2026-10-02 22:00,Screen 5,"Auditorium.Comfort.Recliners,Auditorium.Comfort.ReservedSeating,Format.Projection.Digital",2026-09-24 22:03:07,2026-10-03 03:45:15,,0
G01AA|1000015739|2026-10-02 22:15|Screen 2,G01AA,1000015739,2026-10-02 22:15,Screen 2,"Auditorium.Comfort.Recliners,Auditorium.Comfort.ReservedSeating,Format.Projection.Scope,Showtime.Accessibility.AudioDescription,Showtime.Accessibility.ClosedCaption",2026-09-30 00:00:21,2026-10-03 03:45:15,,12
G01AA|296642|2026-10-03 11:00|Screen 1,G01AA,296642,2026-10-03 11:00,Screen 1,"Auditorium.Comfort.Recliners,Auditorium.Comfort.ReservedSeating,Format.Projection.Scope,Showtime.Accessibility.AudioDescription,Showtime.Accessibility.ClosedCaption",2026-09-30 00:00:21,2026-10-04 03:45:16,,2
G01AA|327174|2026-10-03 11:05|Screen 3,G01AA,327174,2026-10-03 11:05,Screen 3,"Auditorium.Comfort.Recliners,Auditorium.Comfort.ReservedSeating,Format.Projection.Digital,Showtime.Accessibility.AudioDescription,Showtime.Accessibility.ClosedCaption",2026-09-30 00:00:21,2026-10-04 03:45:16,,4
G01AA|1000015739|2026-10-03 11:15|Screen 2,G01AA,1000015739,2026-10-03 11:15,Screen 2,"Auditorium.Comfort.Recliners,Auditorium.Comfort.ReservedSeating,Format.Projection.Scope,Showtime.Accessibility.AudioDescription,Showtime.Accessibility.ClosedCaption",2026-09-30 00:00:21,2026-10-04 03:45:16,,4
G01AA|1000036867|2026-10-03 11:45|Screen 5,G01AA,1000036867,2026-10-03 11:45,Screen 5,"Auditorium.Comfort.Recliners,Auditorium.Comfort.ReservedSeating,Format.Projection.Digital,Showtime.Accessibility.AudioDescription,Showtime.Accessibility.ClosedCaption",2026-09-30 00:00:21,2026-10-04 03:45:16,,30
G01AA|1000015739|2026-10-03 12:15|Screen 4,G01AA,1000015739,2026-10-03 12:15,Screen 4,"Auditorium.Comfort.Recliners,Auditorium.Comfort.ReservedSeating,Format.Projection.Scope,Screen.Accessibility.HearingImpaired,Showtime.Accessibility.AudioDescription,Showtime.Accessibility.ClosedCaption",2026-09-30 00:00:21,2026-10-04 03:45:16,,0
G01AA|296642|2026-10-03 13:35|Screen 1,G01AA,296642,2026-10-03 13:35,Screen 1,"Auditorium.Comfort.Recliners,Auditorium.Comfort.ReservedSeating,Format.Projection.Scope,Showtime.Accessibility.AudioDescription,Showtime.Accessibility.ClosedCaption",2026-09-30 00:00:21,2026-10-04 03:45:16,,16
G01AA|327174|2026-10-03 13:55|Screen 3,G01AA,327174,2026-10-03 13:55,Screen 3,"Auditorium.Comfort.Recliners,Auditorium.Comfort.ReservedSeating,Format.Projection.Digital,Showtime.Accessibility.AudioDescription,Showtime.Accessibility.ClosedCaption",2026-09-30 00:00:21,2026-10-04 03:45:16,,4
G01AA|1000015739|2026-10-03 14:00|Screen 2,G01AA,1000015739,2026-10-03 14:00,Screen 2,"Auditorium.Comfort.Recliners,Auditorium.Comfort.ReservedSeating,Format.Projection.Scope,Showtime.Accessibility.AudioDescription,Showtime.Accessibility.ClosedCaption",2026-09-30 00:00:21,2026-10-04 03:45:16,,31
G01AA|327174|2026-10-03 15:05|Screen 4,G01AA,327174,2026-10-03 15:05,Screen 4,"Auditorium.Comfort.Recliners,Auditorium.Comfort.ReservedSeating,Format.Projection.Digital,Screen.Accessibility.HearingImpaired,Showtime.Accessibility.AudioDescription,Showtime.Accessibility.ClosedCaption",2026-09-30 00:00:21,2026-10-04 03:45:16,,0
G01AA|1000036867|2026-10-03 15:30|Screen 5,G01AA,1000036867,2026-10-03 15:30,Screen 5,"Auditorium.Comfort.Recliners,Auditorium.Comfort.ReservedSeating,Format.Projection.Digital,Showtime.Accessibility.AudioDescription,Showtime.Accessibility.ClosedCaption",2026-09-30 00:00:21,2026-10-04 03:45:16,,20
G01AA|327174|2026-10-03 16:00|Screen 1,G01AA,327174,2026-10-03 16:00,Screen 1,"Auditorium.Comfort.Recliners,Auditorium.Comfort.ReservedSeating,Format.Projection.Digital,Showtime.Accessibility.AudioDescription,Showtime.Accessibility.ClosedCaption",2026-09-24 22:03:07,2026-09-29 23:45:14,2026-09-30 00:00:21,0
G01AA|327174|2026-10-03 16:05|Screen 1,G01AA,327174,2026-10-03 16:05,Screen 1,"Auditorium.Comfort.Recliners,Auditorium.Comfort.ReservedSeating,Format.Projection.Digital,Showtime.Accessibility.AudioDescription,Showtime.Accessibility.ClosedCaption",2026-09-30 00:00:21,2026-10-04 03:45:16,,4
G01AA|296642|2026-10-03 16:30|Screen 3,G01AA,296642,2026-10-03 16:30,Screen 3,"Auditorium.Comfort.Recliners,Auditorium.Comfort.ReservedSeating,Format.Projection.Scope,Showtime.Accessibility.AudioDescription,Showtime.Accessibility.ClosedCaption",2026-09-30 00:00:21,2026-10-04 03:45:16,,21
G01AA|1000015739|2026-10-03 16:45|Screen 2,G01AA,1000015739,2026-10-03 16:45,Screen 2,"Auditorium.Comfort.Recliners,Auditorium.Comfort.ReservedSeating,Format.Projection.Scope,Showtime.Accessibility.AudioDescription,Showtime.Accessibility.ClosedCaption",2026-09-30 00:00:21,2026-10-04 03:45:16,,14
G01AA|1000015739|2026-10-03 18:30|Screen 4,G01AA,1000015739,2026-10-03 18:30,Screen 4,"Auditorium.Comfort.Recliners,Auditorium.Comfort.ReservedSeating,Format.Projection.Scope,Screen.Accessibility.HearingImpaired,Showtime.Accessibility.AudioDescription,Showtime.Accessibility.ClosedCaption",2026-09-30 00:00:21,2026-10-04 03:45:16,,61
G01AA|327174|2026-10-03 19:00|Screen 1,G01AA,327174,2026-10-03 19:00,Screen 1,"Auditorium.Comfort.Recliners,Auditorium.Comfort.ReservedSeating,Format.Projection.Digital,Showtime.Accessibility.AudioDescription,Showtime.Accessibility.ClosedCaption",2026-09-24 22:03:07,2026-10-04 03:45:16,,17
G01AA|296642|2026-10-03 19:05|Screen 3,G01AA,296642,2026-10-03 19:05,Screen 3,"Auditorium.Comfort.Recliners,Auditorium.Comfort.ReservedSeating,Format.Projection.Scope,Showtime.Accessibility.AudioDescription,Showtime.Accessibility.ClosedCaption",2026-09-30 00:00:21,2026-10-04 03:45:16,,35
G01AA|1000036867|2026-10-03 19:15|Screen 5,G01AA,1000036867,2026-10-03 19:15,Screen 5,"Auditorium.Comfort.Recliners,Auditorium.Comfort.ReservedSeating,Format.Projection.Digital,Internal.Data.AlmostSoldOut,Showtime.Accessibility.AudioDescription,Showtime.Accessibility.ClosedCaption",2026-09-30 00:00:21,2026-10-04 03:45:16,,85
G01AA|1000015739|2026-10-03 19:30|Screen 2,G01AA,1000015739,2026-10-03 19:30,Screen 2,"Auditorium.Comfort.Recliners,Auditorium.Comfort.ReservedSeating,Format.Projection.Scope,Showtime.Accessibility.AudioDescription,Showtime.Accessibility.ClosedCaption",2026-09-30 00:00:21,2026-10-04 03:45:16,,73
G01AA|1000015739|2026-10-03 21:15|Screen 4,G01AA,1000015739,2026-10-03 21:15,Screen 4,"Auditorium.Comfort.Recliners,Auditorium.Comfort.ReservedSeating,Format.Projection.Scope,Screen.Accessibility.HearingImpaired,Showtime.Accessibility.AudioDescription,Showtime.Accessibility.ClosedCaption",2026-09-30 00:00:21,2026-10-04 03:45:16,,50
G01AA|296642|2026-10-03 21:40|Screen 3,G01AA,296642,2026-10-03 21:40,Screen 3,"Auditorium.Comfort.Recliners,Auditorium.Comfort.ReservedSeating,Format.Projection.Scope,Showtime.Accessibility.AudioDescription,Showtime.Accessibility.ClosedCaption",2026-09-30 00:00:21,2026-10-04 03:45:16,,4
G01AA|327174|2026-10-03 21:55|Screen 1,G01AA,327174,2026-10-03 21:55,Screen 1,"Auditorium.Comfort.Recliners,Auditorium.Comfort.ReservedSeating,Format.Projection.Digital,Showtime.Accessibility.AudioDescription,Showtime.Accessibility.ClosedCaption",2026-09-30 00:00:21,2026-10-04 03:45:16,,4
G01AA|1000015739|2026-10-03 22:15|Screen 2,G01AA,1000015739,2026-10-03 22:15,Screen 2,"Auditorium.Comfort.Recliners,Auditorium.Comfort.ReservedSeating,Format.Projection.Scope,Showtime.Accessibility.AudioDescription,Showtime.Accessibility.ClosedCaption",2026-09-30 00:00:21,2026-10-04 03:45:16,,6
G01AA|296642|2026-10-04 11:00|Screen 1,G01AA,296642,2026-10-04 11:00,Screen 1,"Auditorium.Comfort.Recliners,Auditorium.Comfort.ReservedSeating,Format.Projection.Scope,Showtime.Accessibility.AudioDescription,Showtime.Accessibility.ClosedCaption",2026-09-30 00:00:21,2026-10-05 03:45:15,,2
G01AA|327174|2026-10-04 11:05|Screen 3,G01AA,327174,2026-10-04 11:05,Screen 3,"Auditorium.Comfort.Recliners,Auditorium.Comfort.ReservedSeating,Format.Projection.Digital,Showtime.Accessibility.AudioDescription,Showtime.Accessibility.ClosedCaption",2026-09-30 00:00:21,2026-10-05 03:45:15,,6
G01AA|1000015739|2026-10-04 11:15|Screen 2,G01AA,1000015739,2026-10-04 11:15,Screen 2,"Auditorium.Comfort.Recliners,Auditorium.Comfort.ReservedSeating,Format.Projection.Scope,Showtime.Accessibility.AudioDescription,Showtime.Accessibility.ClosedCaption",2026-09-30 00:00:21,2026-10-05 03:45:15,,24
G01AA|1000036867|2026-10-04 11:45|Screen 5,G01AA,1000036867,2026-10-04 11:45,Screen 5,"Auditorium.Comfort.Recliners,Auditorium.Comfort.ReservedSeating,Format.Projection.Digital,Showtime.Accessibility.AudioDescription,Showtime.Accessibility.ClosedCaption",2026-09-30 00:00:21,2026-10-05 03:45:15,,10
G01AA|1000015739|2026-10-04 12:15|Screen 4,G01AA,1000015739,2026-10-04 12:15,Screen 4,"Auditorium.Comfort.Recliners,Auditorium.Comfort.ReservedSeating,Format.Projection.Scope,Screen.Accessibility.HearingImpaired,Showtime.Accessibility.AudioDescription,Showtime.Accessibility.ClosedCaption",2026-09-30 00:00:21,2026-10-05 03:45:15,,11
G01AA|296642|2026-10-04 13:35|Screen 1,G01AA,296642,2026-10-04 13:35,Screen 1,"Auditorium.Comfort.Recliners,Auditorium.Comfort.ReservedSeating,Format.Projection.Scope,Showtime.Accessibility.AudioDescription,Showtime.Accessibility.ClosedCaption",2026-09-30 00:00:21,2026-10-05 03:45:15,,13
G01AA|296642|2026-10-04 13:55|Screen 3,G01AA,296642,2026-10-04 13:55,Screen 3,"Auditorium.Comfort.Recliners,Auditorium.Comfort.ReservedSeating,Format.Projection.Scope,Showtime.Accessibility.AudioDescription,Showtime.Accessibility.ClosedCaption",2026-09-30 00:00:21,2026-10-05 03:45:15,,6
G01AA|1000015739|2026-10-04 14:00|Screen 2,G01AA,1000015739,2026-10-04 14:00,Screen 2,"Auditorium.Comfort.Recliners,Auditorium.Comfort.ReservedSeating,Format.Projection.Scope,Showtime.Accessibility.AudioDescription,Showtime.Accessibility.ClosedCaption",2026-09-30 00:00:21,2026-10-05 03:45:15,,39
G01AA|327174|2026-10-04 15:05|Screen 4,G01AA,327174,2026-10-04 15:05,Screen 4,"Auditorium.Comfort.Recliners,Auditorium.Comfort.ReservedSeating,Format.Projection.Digital,Screen.Accessibility.HearingImpaired,Showtime.Accessibility.AudioDescription,Showtime.Accessibility.ClosedCaption",2026-09-30 00:00:21,2026-10-05 03:45:15,,22
G01AA|1000036867|2026-10-04 15:30|Screen 5,G01AA,1000036867,2026-10-04 15:30,Screen 5,"Auditorium.Comfort.Recliners,Auditorium.Comfort.ReservedSeating,Format.Projection.Digital,Internal.Data.AlmostSoldOut,Showtime.Accessibility.AudioDescription,Showtime.Accessibility.ClosedCaption",2026-09-30 00:00:21,2026-10-05 03:45:15,,90
G01AA|327174|2026-10-04 16:00|Screen 1,G01AA,327174,2026-10-04 16:00,Screen 1,"Auditorium.Comfort.Recliners,Auditorium.Comfort.ReservedSeating,Format.Projection.Digital,Showtime.Accessibility.AudioDescription,Showtime.Accessibility.ClosedCaption",2026-09-24 22:03:07,2026-09-29 23:45:14,2026-09-30 00:00:21,0
G01AA|327174|2026-10-04 16:05|Screen 1,G01AA,327174,2026-10-04 16:05,Screen 1,"Auditorium.Comfort.Recliners,Auditorium.Comfort.ReservedSeating,Format.Projection.Digital,Showtime.Accessibility.AudioDescription,Showtime.Accessibility.ClosedCaption",2026-09-30 00:00:21,2026-10-05 03:45:15,,6
G01AA|296642|2026-10-04 16:30|Screen 3,G01AA,296642,2026-10-04 16:30,Screen 3,"Auditorium.Comfort.Recliners,Auditorium.Comfort.ReservedSeating,Format.Projection.Scope,Showtime.Accessibility.AudioDescription,Showtime.Accessibility.ClosedCaption",2026-09-30 00:00:21,2026-10-05 03:45:15,,67
G01AA|1000015739|2026-10-04 16:45|Screen 2,G01AA,1000015739,2026-10-04 16:45,Screen 2,"Auditorium.Comfort.Recliners,Auditorium.Comfort.ReservedSeating,Format.Projection.Scope,Showtime.Accessibility.AudioDescription,Showtime.Accessibility.ClosedCaption",2026-09-30 00:00:21,2026-10-05 03:45:15,,22
G01AA|1000015739|2026-10-04 18:30|Screen 4,G01AA,1000015739,2026-10-04 18:30,Screen 4,"Auditorium.Comfort.Recliners,Auditorium.Comfort.ReservedSeating,Format.Projection.Scope,Screen.Accessibility.HearingImpaired,Showtime.Accessibility.AudioDescription,Showtime.Accessibility.ClosedCaption",2026-09-30 00:00:21,2026-10-05 03:45:15,,39
G01AA|327174|2026-10-04 19:00|Screen 1,G01AA,327174,2026-10-04 19:00,Screen 1,"Auditorium.Comfort.Recliners,Auditorium.Comfort.ReservedSeating,Format.Projection.Digital,Showtime.Accessibility.AudioDescription,Showtime.Accessibility.ClosedCaption",2026-09-24 22:03:07,2026-10-05 03:45:15,,6
G01AA|296642|2026-10-04 19:05|Screen 3,G01AA,296642,2026-10-04 19:05,Screen 3,"Auditorium.Comfort.Recliners,Auditorium.Comfort.ReservedSeating,Format.Projection.Scope,Showtime.Accessibility.AudioDescription,Showtime.Accessibility.ClosedCaption",2026-09-30 00:00:21,2026-10-05 03:45:15,,10
G01AA|1000036867|2026-10-04 19:15|Screen 5,G01AA,1000036867,2026-10-04 19:15,Screen 5,"Auditorium.Comfort.Recliners,Auditorium.Comfort.ReservedSeating,Format.Projection.Digital,Showtime.Accessibility.AudioDescription,Showtime.Accessibility.ClosedCaption",2026-09-30 00:00:21,2026-10-05 03:45:15,,0
G01AA|1000015739|2026-10-04 19:30|Screen 2,G01AA,1000015739,2026-10-04 19:30,Screen 2,"Auditorium.Comfort.Recliners,Auditorium.Comfort.ReservedSeating,Format.Projection.Scope,Showtime.Accessibility.AudioDescription,Showtime.Accessibility.ClosedCaption",2026-09-30 00:00:21,2026-10-05 03:45:15,,67
G01AA|296642|2026-10-05 14:00|Screen 3,G01AA,296642,2026-10-05 14:00,Screen 3,"Auditorium.Comfort.Recliners,Auditorium.Comfort.ReservedSeating,Format.Projection.Scope,Showtime.Accessibility.AudioDescription,Showtime.Accessibility.ClosedCaption",2026-09-30 00:00:21,2026-10-06 03:45:14,,2
G01AA|1000015739|2026-10-05 14:05|Screen 2,G01AA,1000015739,2026-10-05 14:05,Screen 2,"Auditorium.Comfort.Recliners,Auditorium.Comfort.ReservedSeating,Format.Projection.Scope,Showtime.Accessibility.AudioDescription,Showtime.Accessibility.ClosedCaption",2026-09-30 00:00:21,2026-10-06 03:45:14,,8
G01AA|327174|2026-10-05 15:05|Screen 4,G01AA,327174,2026-10-05 15:05,Screen 4,"Auditorium.Comfort.Recliners,Auditorium.Comfort.ReservedSeating,Format.Projection.Digital,Screen.Accessibility.HearingImpaired,Showtime.Accessibility.AudioDescription,Showtime.Accessibility.ClosedCaption",2026-09-30 00:00:21,2026-10-06 03:45:14,,0
G01AA|1000036867|2026-10-05 15:30|Screen 5,G01AA,1000036867,2026-10-05 15:30,Screen 5,"Auditorium.Comfort.Recliners,Auditorium.Comfort.ReservedSeating,Format.Projection.Digital,Showtime.Accessibility.AudioDescription,Showtime.Accessibility.ClosedCaption",2026-09-30 00:00:21,2026-10-06 03:45:14,,15
G01AA|327174|2026-10-05 16:05|Screen 1,G01AA,327174,2026-10-05 16:05,Screen 1,"Auditorium.Comfort.Recliners,Auditorium.Comfort.ReservedSeating,Format.Projection.Digital,Showtime.Accessibility.AudioDescription,Showtime.Accessibility.ClosedCaption",2026-09-30 00:00:21,2026-10-06 03:45:14,,1
G01AA|296642|2026-10-05 16:30|Screen 3,G01AA,296642,2026-10-05 16:30,Screen 3,"Auditorium.Comfort.Recliners,Auditorium.Comfort.ReservedSeating,Format.Projection.Scope,Showtime.Accessibility.AudioDescription,Showtime.Accessibility.ClosedCaption",2026-09-30 00:00:21,2026-10-06 03:45:14,,0
G01AA|1000015739|2026-10-05 16:45|Screen 2,G01AA,1000015739,2026-10-05 16:45,Screen 2,"Auditorium.Comfort.Recliners,Auditorium.Comfort.ReservedSeating,Format.Projection.Scope,Showtime.Accessibility.AudioDescription,Showtime.Accessibility.ClosedCaption",2026-09-30 00:00:21,2026-10-06 03:45:14,,0
G01AA|1000015739|2026-10-05 18:30|Screen 4,G01AA,1000015739,2026-10-05 18:30,Screen 4,"Auditorium.Comfort.Recliners,Auditorium.Comfort.ReservedSeating,Format.Projection.Scope,Screen.Accessibility.HearingImpaired,Showtime.Accessibility.AudioDescription,Showtime.Accessibility.ClosedCaption",2026-09-30 00:00:21,2026-10-06 03:45:14,,28
G01AA|327174|2026-10-05 19:00|Screen 1,G01AA,327174,2026-10-05 19:00,Screen 1,"Auditorium.Comfort.Recliners,Auditorium.Comfort.ReservedSeating,Format.Projection.Digital,Showtime.Accessibility.AudioDescription,Showtime.Accessibility.ClosedCaption",2026-09-30 00:00:21,2026-10-06 03:45:14,,6
G01AA|296642|2026-10-05 19:05|Screen 3,G01AA,296642,2026-10-05 19:05,Screen 3,"Auditorium.Comfort.Recliners,Auditorium.Comfort.ReservedSeating,Format.Projection.Scope,Showtime.Accessibility.AudioDescription,Showtime.Accessibility.ClosedCaption",2026-09-30 00:00:21,2026-10-06 03:45:14,,8
G01AA|1000036867|2026-10-05 19:15|Screen 5,G01AA,1000036867,2026-10-05 19:15,Screen 5,"Auditorium.Comfort.Recliners,Auditorium.Comfort.ReservedSeating,Format.Projection.Digital,Showtime.Accessibility.AudioDescription,Showtime.Accessibility.ClosedCaption",2026-09-30 00:00:21,2026-10-06 03:45:14,,0
G01AA|1000015739|2026-10-05 19:30|Screen 2,G01AA,1000015739,2026-10-05 19:30,Screen 2,"Auditorium.Comfort.Recliners,Auditorium.Comfort.ReservedSeating,Format.Projection.Scope,Showtime.Accessibility.AudioDescription,Showtime.Accessibility.ClosedCaption",2026-09-30 00:00:21,2026-10-06 03:45:14,,24
G01AA|296642|2026-10-06 14:00|Screen 3,G01AA,296642,2026-10-06 14:00,Screen 3,"Auditorium.Comfort.Recliners,Auditorium.Comfort.ReservedSeating,Format.Projection.Scope,Showtime.Accessibility.AudioDescription,Showtime.Accessibility.ClosedCaption",2026-09-30 00:00:21,2026-10-07 03:45:16,,0
G01AA|1000015739|2026-10-06 14:05|Screen 2,G01AA,1000015739,2026-10-06 14:05,Screen 2,"Auditorium.Comfort.Recliners,Auditorium.Comfort.ReservedSeating,Format.Projection.Scope,Showtime.Accessibility.AudioDescription,Showtime.Accessibility.ClosedCaption",2026-09-30 00:00:21,2026-10-07 03:45:16,,8
G01AA|327174|2026-10-06 15:05|Screen 4,G01AA,327174,2026-10-06 15:05,Screen 4,"Auditorium.Comfort.Recliners,Auditorium.Comfort.ReservedSeating,Format.Projection.Digital,Screen.Accessibility.HearingImpaired,Showtime.Accessibility.AudioDescription,Showtime.Accessibility.ClosedCaption",2026-09-30 00:00:21,2026-10-07 03:45:16,,11
G01AA|1000036867|2026-10-06 15:30|Screen 5,G01AA,1000036867,2026-10-06 15:30,Screen 5,"Auditorium.Comfort.Recliners,Auditorium.Comfort.ReservedSeating,Format.Projection.Digital,Showtime.Accessibility.AudioDescription,Showtime.Accessibility.ClosedCaption",2026-09-30 00:00:21,2026-10-07 03:45:16,,10
G01AA|327174|2026-10-06 16:05|Screen 1,G01AA,327174,2026-10-06 16:05,Screen 1,"Auditorium.Comfort.Recliners,Auditorium.Comfort.ReservedSeating,Format.Projection.Digital,Showtime.Accessibility.AudioDescription,Showtime.Accessibility.ClosedCaption",2026-09-30 00:00:21,2026-10-07 03:45:16,,1
G01AA|296642|2026-10-06 16:30|Screen 3,G01AA,296642,2026-10-06 16:30,Screen 3,"Auditorium.Comfort.Recliners,Auditorium.Comfort.ReservedSeating,Format.Projection.Scope,Showtime.Accessibility.AudioDescription,Showtime.Accessibility.ClosedCaption",2026-09-30 00:00:21,2026-10-07 03:45:16,,17
G01AA|1000015739|2026-10-06 16:45|Screen 2,G01AA,1000015739,2026-10-06 16:45,Screen 2,"Auditorium.Comfort.Recliners,Auditorium.Comfort.ReservedSeating,Format.Projection.Scope,Showtime.Accessibility.AudioDescription,Showtime.Accessibility.ClosedCaption",2026-09-30 00:00:21,2026-10-07 03:45:16,,14
G01AA|1000015739|2026-10-06 18:30|Screen 4,G01AA,1000015739,2026-10-06 18:30,Screen 4,"Auditorium.Comfort.Recliners,Auditorium.Comfort.ReservedSeating,Format.Projection.Scope,Screen.Accessibility.HearingImpaired,Showtime.Accessibility.AudioDescription,Showtime.Accessibility.ClosedCaption",2026-09-30 00:00:21,2026-10-07 03:45:16,,33
G01AA|327174|2026-10-06 19:00|Screen 1,G01AA,327174,2026-10-06 19:00,Screen 1,"Auditorium.Comfort.Recliners,Auditorium.Comfort.ReservedSeating,Format.Projection.Digital,Showtime.Accessibility.AudioDescription,Showtime.Accessibility.ClosedCaption",2026-09-30 00:00:21,2026-10-07 03:45:16,,0
G01AA|296642|2026-10-06 19:05|Screen 3,G01AA,296642,2026-10-06 19:05,Screen 3,"Auditorium.Comfort.Recliners,Auditorium.Comfort.ReservedSeating,Format.Projection.Scope,Showtime.Accessibility.AudioDescription,Showtime.Accessibility.ClosedCaption",2026-09-30 00:00:21,2026-10-07 03:45:16,,0
G01AA|1000036867|2026-10-06 19:15|Screen 5,G01AA,1000036867,2026-10-06 19:15,Screen 5,"Auditorium.Comfort.Recliners,Auditorium.Comfort.ReservedSeating,Format.Projection.Digital,Showtime.Accessibility.AudioDescription,Showtime.Accessibility.ClosedCaption",2026-09-30 00:00:21,2026-10-07 03:45:16,,10
G01AA|1000015739|2026-10-06 19:30|Screen 2,G01AA,1000015739,2026-10-06 19:30,Screen 2,"Auditorium.Comfort.Recliners,Auditorium.Comfort.ReservedSeating,Format.Projection.Scope,Showtime.Accessibility.AudioDescription,Showtime.Accessibility.ClosedCaption",2026-09-30 00:00:21,2026-10-07 03:45:16,,57
G01AA|296642|2026-10-07 14:00|Screen 3,G01AA,296642,2026-10-07 14:00,Screen 3,"Auditorium.Comfort.Recliners,Auditorium.Comfort.ReservedSeating,Format.Projection.Scope,Showtime.Accessibility.AudioDescription,Showtime.Accessibility.ClosedCaption",2026-09-30 00:00:21,2026-10-07 07:30:18,,0
G01AA|1000015739|2026-10-07 14:05|Screen 2,G01AA,1000015739,2026-10-07 14:05,Screen 2,"Auditorium.Comfort.Recliners,Auditorium.Comfort.ReservedSeating,Format.Projection.Scope,Showtime.Accessibility.AudioDescription,Showtime.Accessibility.ClosedCaption",2026-09-30 00:00:21,2026-10-07 07:30:18,,0
G01AA|327174|2026-10-07 15:05|Screen 4,G01AA,327174,2026-10-07 15:05,Screen 4,"Auditorium.Comfort.Recliners,Auditorium.Comfort.ReservedSeating,Format.Projection.Digital,Screen.Accessibility.HearingImpaired,Showtime.Accessibility.AudioDescription,Showtime.Accessibility.ClosedCaption",2026-09-30 00:00:21,2026-10-07 07:30:18,,0
G01AA|1000036867|2026-10-07 15:30|Screen 5,G01AA,1000036867,2026-10-07 15:30,Screen 5,"Auditorium.Comfort.Recliners,Auditorium.Comfort.ReservedSeating,Format.Projection.Digital,Showtime.Accessibility.AudioDescription,Showtime.Accessibility.ClosedCaption",2026-09-30 00:00:21,2026-10-07 07:30:18,,5
G01AA|327174|2026-10-07 16:05|Screen 1,G01AA,327174,2026-10-07 16:05,Screen 1,"Auditorium.Comfort.Recliners,Auditorium.Comfort.ReservedSeating,Format.Projection.Digital,Showtime.Accessibility.AudioDescription,Showtime.Accessibility.ClosedCaption",2026-09-30 00:00:21,2026-10-07 07:30:18,,0
G01AA|296642|2026-10-07 16:30|Screen 3,G01AA,296642,2026-10-07 16:30,Screen 3,"Auditorium.Comfort.Recliners,Auditorium.Comfort.ReservedSeating,Format.Projection.Scope,Showtime.Accessibility.AudioDescription,Showtime.Accessibility.ClosedCaption",2026-09-30 00:00:21,2026-10-07 07:30:18,,0
G01AA|1000015739|2026-10-07 16:45|Screen 2,G01AA,1000015739,2026-10-07 16:45,Screen 2,"Auditorium.Comfort.Recliners,Auditorium.Comfort.ReservedSeating,Format.Projection.Scope,Showtime.Accessibility.AudioDescription,Showtime.Accessibility.ClosedCaption",2026-09-30 00:00:21,2026-10-07 07:30:18,,6
G01AA|1000015739|2026-10-07 18:30|Screen 4,G01AA,1000015739,2026-10-07 18:30,Screen 4,"Auditorium.Comfort.Recliners,Auditorium.Comfort.ReservedSeating,Format.Projection.Scope,Screen.Accessibility.HearingImpaired,Showtime.Accessibility.AudioDescription,Showtime.Accessibility.ClosedCaption",2026-09-30 00:00:21,2026-10-07 07:30:18,,0
G01AA|327174|2026-10-07 19:00|Screen 1,G01AA,327174,2026-10-07 19:00,Screen 1,"Auditorium.Comfort.Recliners,Auditorium.Comfort.ReservedSeating,Format.Projection.Digital,Showtime.Accessibility.AudioDescription,Showtime.Accessibility.ClosedCaption",2026-09-30 00:00:21,2026-10-07 07:30:18,,0
G01AA|296642|2026-10-07 19:05|Screen 3,G01AA,296642,2026-10-07 19:05,Screen 3,"Auditorium.Comfort.Recliners,Auditorium.Comfort.ReservedSeating,Format.Projection.Scope,Showtime.Accessibility.AudioDescription,Showtime.Accessibility.ClosedCaption",2026-09-30 00:00:21,2026-10-07 07:30:18,,0
G01AA|1000036867|2026-10-07 19:15|Screen 5,G01AA,1000036867,2026-10-07 19:15,Screen 5,"Auditorium.Comfort.Recliners,Auditorium.Comfort.ReservedSeating,Format.Projection.Digital,Showtime.Accessibility.AudioDescription,Showtime.Accessibility.ClosedCaption",2026-09-30 00:00:21,2026-10-07 07:30:18,,0
G01AA|1000015739|2026-10-07 19:30|Screen 2,G01AA,1000015739,2026-10-07 19:30,Screen 2,"Auditorium.Comfort.Recliners,Auditorium.Comfort.ReservedSeating,Format.Projection.Scope,Showtime.Accessibility.AudioDescription,Showtime.Accessibility.ClosedCaption",2026-09-30 00:00:21,2026-10-07 07:30:18,,16
G01AA|1000015739|2026-10-08 13:45|Screen 3,G01AA,1000015739,2026-10-08 13:45,Screen 3,"Auditorium.Comfort.Recliners,Auditorium.Comfort.ReservedSeating,Format.Projection.Scope,Showtime.Accessibility.AudioDescription,Showtime.Accessibility.ClosedCaption",2026-09-30 00:00:21,2026-10-07 07:30:18,,4
G01AA|296642|2026-10-08 14:00|Screen 4,G01AA,296642,2026-10-08 14:00,Screen 4,"Auditorium.Comfort.Recliners,Auditorium.Comfort.ReservedSeating,Format.Projection.Scope,Screen.Accessibility.HearingImpaired,Showtime.Accessibility.AudioDescription,Showtime.Accessibility.ClosedCaption",2026-09-30 00:00:21,2026-10-07 07:30:18,,0
G01AA|1000026649|2026-10-08 16:00|Screen 2,G01AA,1000026649,2026-10-08 16:00,Screen 2,"Auditorium.Comfort.Recliners,Auditorium.Comfort.ReservedSeating,Format.Projection.Scope,Showtime.Accessibility.AudioDescription,Showtime.Accessibility.ClosedCaption",2026-09-24 22:03:07,2026-10-07 07:30:18,,0
G01AA|327174|2026-10-08 16:05|Screen 1,G01AA,327174,2026-10-08 16:05,Screen 1,"Auditorium.Comfort.Recliners,Auditorium.Comfort.ReservedSeating,Format.Projection.Digital,Showtime.Accessibility.AudioDescription,Showtime.Accessibility.ClosedCaption",2026-09-30 00:00:21,2026-10-07 07:30:18,,0
G01AA|1000023068|2026-10-08 16:15|Screen 5,G01AA,1000023068,2026-10-08 16:15,Screen 5,"Auditorium.Comfort.Recliners,Auditorium.Comfort.ReservedSeating,Format.Projection.Digital,Showtime.Accessibility.AudioDescription,Showtime.Accessibility.ClosedCaption",2026-10-06 02:15:14,2026-10-07 07:30:18,,0
G01AA|1000015739|2026-10-08 16:30|Screen 3,G01AA,1000015739,2026-10-08 16:30,Screen 3,"Auditorium.Comfort.Recliners,Auditorium.Comfort.ReservedSeating,Format.Projection.Scope,Showtime.Accessibility.AudioDescription,Showtime.Accessibility.ClosedCaption",2026-09-30 00:00:21,2026-10-07 07:30:18,,4
G01AA|296642|2026-10-08 16:35|Screen 4,G01AA,296642,2026-10-08 16:35,Screen 4,"Auditorium.Comfort.Recliners,Auditorium.Comfort.ReservedSeating,Format.Projection.Scope,Screen.Accessibility.HearingImpaired,Showtime.Accessibility.AudioDescription,Showtime.Accessibility.ClosedCaption",2026-09-30 00:00:21,2026-10-07 07:30:18,,0
G01AA|1000026649|2026-10-08 18:30|Screen 2,G01AA,1000026649,2026-10-08 18:30,Screen 2,"Auditorium.Comfort.Recliners,Auditorium.Comfort.ReservedSeating,Format.Projection.Scope,Showtime.Accessibility.AudioDescription,Showtime.Accessibility.ClosedCaption",2026-09-24 22:03:07,2026-10-07 07:30:18,,0
G01AA|1000023068|2026-10-08 19:00|Screen 5,G01AA,1000023068,2026-10-08 19:00,Screen 5,"Auditorium.Comfort.Recliners,Auditorium.Comfort.ReservedSeating,Format.Projection.Digital,Showtime.Accessibility.AudioDescription,Showtime.Accessibility.ClosedCaption",2026-10-06 02:15:14,2026-10-07 07:30:18,,0
G01AA|296642|2026-10-08 19:10|Screen 4,G01AA,296642,2026-10-08 19:10,Screen 4,"Auditorium.Comfort.Recliners,Auditorium.Comfort.ReservedSeating,Format.Projection.Scope,Screen.Accessibility.HearingImpaired,Showtime.Accessibility.AudioDescription,Showtime.Accessibility.ClosedCaption",2026-09-30 00:00:21,2026-10-07 07:30:18,,0
G01AA|1000015739|2026-10-08 19:15|Screen 3,G01AA,1000015739,2026-10-08 19:15,Screen 3,"Auditorium.Comfort.Recliners,Auditorium.Comfort.ReservedSeating,Format.Projection.Scope,Showtime.Accessibility.AudioDescription,Showtime.Accessibility.ClosedCaption",2026-09-30 00:00:21,2026-10-07 07:30:18,,17
G01AA|1000026649|2026-10-08 19:30|Screen 1,G01AA,1000026649,2026-10-08 19:30,Screen 1,"Auditorium.Comfort.Recliners,Auditorium.Comfort.ReservedSeating,Format.Projection.Scope,Showtime.Accessibility.AudioDescription,Showtime.Accessibility.ClosedCaption",2026-09-24 22:03:07,2026-10-07 07:30:18,,0
G01AA|327174|2026-10-09 13:15|Screen 5,G01AA,327174,2026-10-09 13:15,Screen 5,"Auditorium.Comfort.Recliners,Auditorium.Comfort.ReservedSeating,Format.Projection.Digital,Showtime.Accessibility.AudioDescription,Showtime.Accessibility.ClosedCaption",2026-10-06 18:30:19,2026-10-07 07:30:18,,0
G01AA|1000015739|2026-10-09 13:30|Screen 2,G01AA,1000015739,2026-10-09 13:30,Screen 2,"Auditorium.Comfort.Recliners,Auditorium.Comfort.ReservedSeating,Format.Projection.Scope,Showtime.Accessibility.AudioDescription,Showtime.Accessibility.ClosedCaption",2026-10-06 18:30:19,2026-10-07 07:30:18,,4
G01AA|296642|2026-10-09 13:55|Screen 4,G01AA,296642,2026-10-09 13:55,Screen 4,"Auditorium.Comfort.Recliners,Auditorium.Comfort.ReservedSeating,Format.Projection.Scope,Screen.Accessibility.HearingImpaired,Showtime.Accessibility.AudioDescription,Showtime.Accessibility.ClosedCaption",2026-10-06 18:30:19,2026-10-07 07:30:18,,0
G01AA|1000023068|2026-10-09 14:00|Screen 3,G01AA,1000023068,2026-10-09 14:00,Screen 3,"Auditorium.Comfort.Recliners,Auditorium.Comfort.ReservedSeating,Format.Projection.Digital,Showtime.Accessibility.AudioDescription,Showtime.Accessibility.ClosedCaption",2026-10-06 18:30:19,2026-10-07 07:30:18,,0
G01AA|1000026649|2026-10-09 14:10|Screen 1,G01AA,1000026649,2026-10-09 14:10,Screen 1,"Auditorium.Comfort.Recliners,Auditorium.Comfort.ReservedSeating,Format.Projection.Scope,Showtime.Accessibility.AudioDescription,Showtime.Accessibility.ClosedCaption",2026-10-06 18:30:19,2026-10-07 07:30:18,,0
G01AA|327174|2026-10-09 16:10|Screen 5,G01AA,327174,2026-10-09 16:10,Screen 5,"Auditorium.Comfort.Recliners,Auditorium.Comfort.ReservedSeating,Format.Projection.Digital,Showtime.Accessibility.AudioDescription,Showtime.Accessibility.ClosedCaption",2026-10-06 18:30:19,2026-10-07 07:30:18,,100
G01AA|1000015739|2026-10-09 16:15|Screen 2,G01AA,1000015739,2026-10-09 16:15,Screen 2,"Auditorium.Comfort.Recliners,Auditorium.Comfort.ReservedSeating,Format.Projection.Scope,Showtime.Accessibility.AudioDescription,Showtime.Accessibility.ClosedCaption",2026-10-06 18:30:19,2026-10-07 07:30:18,,0
G01AA|296642|2026-10-09 16:30|Screen 4,G01AA,296642,2026-10-09 16:30,Screen 4,"Auditorium.Comfort.Recliners,Auditorium.Comfort.ReservedSeating,Format.Projection.Scope,Screen.Accessibility.HearingImpaired,Showtime.Accessibility.AudioDescription,Showtime.Accessibility.ClosedCaption",2026-10-06 18:30:19,2026-10-07 07:30:18,,0
G01AA|1000026649|2026-10-09 16:45|Screen 1,G01AA,1000026649,2026-10-09 16:45,Screen 1,"Auditorium.Comfort.Recliners,Auditorium.Comfort.ReservedSeating,Format.Projection.Scope,Showtime.Accessibility.AudioDescription,Showtime.Accessibility.ClosedCaption",2026-09-24 22:03:07,2026-10-07 07:30:18,,0
G01AA|1000023068|2026-10-09 16:50|Screen 3,G01AA,1000023068,2026-10-09 16:50,Screen 3,"Auditorium.Comfort.Recliners,Auditorium.Comfort.ReservedSeating,Format.Projection.Digital,Showtime.Accessibility.AudioDescription,Showtime.Accessibility.ClosedCaption",2026-10-06 18:30:19,2026-10-07 07:30:18,,0
G01AA|1000015739|2026-10-09 19:00|Screen 2,G01AA,1000015739,2026-10-09 19:00,Screen 2,"Auditorium.Comfort.Recliners,Auditorium.Comfort.ReservedSeating,Format.Projection.Scope,Showtime.Accessibility.AudioDescription,Showtime.Accessibility.ClosedCaption",2026-10-06 18:30:19,2026-10-07 07:30:18,,18
G01AA|327174|2026-10-09 19:05|Screen 5,G01AA,327174,2026-10-09 19:05,Screen 5,"Auditorium.Comfort.Recliners,Auditorium.Comfort.ReservedSeating,Format.Projection.Digital,Showtime.Accessibility.AudioDescription,Showtime.Accessibility.ClosedCaption",2026-10-06 18:30:19,2026-10-07 07:30:18,,100
G01AA|1000026649|2026-10-09 19:15|Screen 1,G01AA,1000026649,2026-10-09 19:15,Screen 1,"Auditorium.Comfort.Recliners,Auditorium.Comfort.ReservedSeating,Format.Projection.Scope,Showtime.Accessibility.AudioDescription,Showtime.Accessibility.ClosedCaption",2026-09-24 22:03:07,2026-10-07 07:30:18,,0
G01AA|296642|2026-10-09 19:25|Screen 4,G01AA,296642,2026-10-09 19:25,Screen 4,"Auditorium.Comfort.Recliners,Auditorium.Comfort.ReservedSeating,Format.Projection.Scope,Screen.Accessibility.HearingImpaired,Showtime.Accessibility.AudioDescription,Showtime.Accessibility.ClosedCaption",2026-10-06 18:30:19,2026-10-07 07:30:18,,0
G01AA|1000023068|2026-10-09 19:30|Screen 3,G01AA,1000023068,2026-10-09 19:30,Screen 3,"Auditorium.Comfort.Recliners,Auditorium.Comfort.ReservedSeating,Format.Projection.Digital,Showtime.Accessibility.AudioDescription,Showtime.Accessibility.ClosedCaption",2026-10-06 18:30:19,2026-10-07 07:30:18,,0
G01AA|1000015739|2026-10-09 21:45|Screen 2,G01AA,1000015739,2026-10-09 21:45,Screen 2,"Auditorium.Comfort.Recliners,Auditorium.Comfort.ReservedSeating,Format.Projection.Scope,Showtime.Accessibility.AudioDescription,Showtime.Accessibility.ClosedCaption",2026-10-06 18:30:19,2026-10-07 07:30:18,,0
G01AA|1000026649|2026-10-09 21:50|Screen 1,G01AA,1000026649,2026-10-09 21:50,Screen 1,"Auditorium.Comfort.Recliners,Auditorium.Comfort.ReservedSeating,Format.Projection.Scope,Showtime.Accessibility.AudioDescription,Showtime.Accessibility.ClosedCaption",2026-10-06 18:30:19,2026-10-07 07:30:18,,0
G01AA|47101|2026-10-09 22:00|Screen 5,G01AA,47101,2026-10-09 22:00,Screen 5,"Auditorium.Comfort.Recliners,Auditorium.Comfort.ReservedSeating,Format.Projection.Digital",2026-09-24 22:03:07,2026-10-07 07:30:18,,0
G01AA|296642|2026-10-09 22:05|Screen 4,G01AA,296642,2026-10-09 22:05,Screen 4,"Auditorium.Comfort.Recliners,Auditorium.Comfort.ReservedSeating,Format.Projection.Scope,Screen.Accessibility.HearingImpaired,Showtime.Accessibility.AudioDescription,Showtime.Accessibility.ClosedCaption",2026-10-06 18:30:19,2026-10-07 07:30:18,,0
G01AA|1000023068|2026-10-09 22:10|Screen 3,G01AA,1000023068,2026-10-09 22:10,Screen 3,"Auditorium.Comfort.Recliners,Auditorium.Comfort.ReservedSeating,Format.Projection.Digital,Showtime.Accessibility.AudioDescription,Showtime.Accessibility.ClosedCaption",2026-10-06 18:30:19,2026-10-07 07:30:18,,0
G01AA|327174|2026-10-10 11:00|Screen 4,G01AA,327174,2026-10-10 11:00,Screen 4,"Auditorium.Comfort.Recliners,Auditorium.Comfort.ReservedSeating,Format.Projection.Digital,Screen.Accessibility.HearingImpaired,Showtime.Accessibility.AudioDescription,Showtime.Accessibility.ClosedCaption",2026-10-06 18:30:19,2026-10-07 07:30:18,,0
G01AA|1000015739|2026-10-10 11:05|Screen 2,G01AA,1000015739,2026-10-10 11:05,Screen 2,"Auditorium.Comfort.Recliners,Auditorium.Comfort.ReservedSeating,Format.Projection.Scope,Showtime.Accessibility.AudioDescription,Showtime.Accessibility.ClosedCaption",2026-10-06 18:30:19,2026-10-07 07:30:18,,0
G01AA|1000023068|2026-10-10 11:25|Screen 3,G01AA,1000023068,2026-10-10 11:25,Screen 3,"Auditorium.Comfort.Recliners,Auditorium.Comfort.ReservedSeating,Format.Projection.Digital,Showtime.Accessibility.AudioDescription,Showtime.Accessibility.ClosedCaption",2026-10-06 18:30:19,2026-10-07 07:30:18,,0
G01AA|1000026649|2026-10-10 11:30|Screen 1,G01AA,1000026649,2026-10-10 11:30,Screen 1,"Auditorium.Comfort.Recliners,Auditorium.Comfort.ReservedSeating,Format.Projection.Scope,Showtime.Accessibility.AudioDescription,Showtime.Accessibility.ClosedCaption",2026-10-06 18:30:19,2026-10-07 07:30:18,,0
G01AA|296642|2026-10-10 12:00|Screen 5,G01AA,296642,2026-10-10 12:00,Screen 5,"Auditorium.Comfort.Recliners,Auditorium.Comfort.ReservedSeating,Format.Projection.Scope,Showtime.Accessibility.AudioDescription,Showtime.Accessibility.ClosedCaption",2026-10-06 18:30:19,2026-10-07 07:30:18,,100
G01AA|1000015739|2026-10-10 13:45|Screen 2,G01AA,1000015739,2026-10-10 13:45,Screen 2,"Auditorium.Comfort.Recliners,Auditorium.Comfort.ReservedSeating,Format.Projection.Scope,Showtime.Accessibility.AudioDescription,Showtime.Accessibility.ClosedCaption",2026-10-06 18:30:19,2026-10-07 07:30:18,,0
G01AA|327174|2026-10-10 13:50|Screen 4,G01AA,327174,2026-10-10 13:50,Screen 4,"Auditorium.Comfort.Recliners,Auditorium.Comfort.ReservedSeating,Format.Projection.Digital,Screen.Accessibility.HearingImpaired,Showtime.Accessibility.AudioDescription,Showtime.Accessibility.ClosedCaption",2026-10-06 18:30:19,2026-10-07 07:30:18,,0
G01AA|1000023068|2026-10-10 14:00|Screen 3,G01AA,1000023068,2026-10-10 14:00,Screen 3,"Auditorium.Comfort.Recliners,Auditorium.Comfort.ReservedSeating,Format.Projection.Digital,Showtime.Accessibility.AudioDescription,Showtime.Accessibility.ClosedCaption",2026-10-06 18:30:19,2026-10-07 07:30:18,,0
G01AA|1000026649|2026-10-10 14:10|Screen 1,G01AA,1000026649,2026-10-10 14:10,Screen 1,"Auditorium.Comfort.Recliners,Auditorium.Comfort.ReservedSeating,Format.Projection.Scope,Showtime.Accessibility.AudioDescription,Showtime.Accessibility.ClosedCaption",2026-10-06 18:30:19,2026-10-07 07:30:18,,0
G01AA|296642|2026-10-10 14:35|Screen 5,G01AA,296642,2026-10-10 14:35,Screen 5,"Auditorium.Comfort.Recliners,Auditorium.Comfort.ReservedSeating,Format.Projection.Scope,Showtime.Accessibility.AudioDescription,Showtime.Accessibility.ClosedCaption",2026-10-06 18:30:19,2026-10-07 07:30:18,,0
G01AA|1000015739|2026-10-10 16:30|Screen 2,G01AA,1000015739,2026-10-10 16:30,Screen 2,"Auditorium.Comfort.Recliners,Auditorium.Comfort.ReservedSeating,Format.Projection.Scope,Showtime.Accessibility.AudioDescription,Showtime.Accessibility.ClosedCaption",2026-10-06 18:30:19,2026-10-07 07:30:18,,0
G01AA|327174|2026-10-10 16:35|Screen 4,G01AA,327174,2026-10-10 16:35,Screen 4,"Auditorium.Comfort.Recliners,Auditorium.Comfort.ReservedSeating,Format.Projection.Digital,Screen.Accessibility.HearingImpaired,Showtime.Accessibility.AudioDescription,Showtime.Accessibility.ClosedCaption",2026-10-06 18:30:19,2026-10-07 07:30:18,,0
G01AA|1000026649|2026-10-10 16:45|Screen 1,G01AA,1000026649,2026-10-10 16:45,Screen 1,"Auditorium.Comfort.Recliners,Auditorium.Comfort.ReservedSeating,Format.Projection.Scope,Showtime.Accessibility.AudioDescription,Showtime.Accessibility.ClosedCaption",2026-09-24 22:03:07,2026-10-07 07:30:18,,0
G01AA|1000023068|2026-10-10 16:50|Screen 3,G01AA,1000023068,2026-10-10 16:50,Screen 3,"Auditorium.Comfort.Recliners,Auditorium.Comfort.ReservedSeating,Format.Projection.Digital,Showtime.Accessibility.AudioDescription,Showtime.Accessibility.ClosedCaption",2026-10-06 18:30:19,2026-10-07 07:30:18,,0
G01AA|296642|2026-10-10 17:10|Screen 5,G01AA,296642,2026-10-10 17:10,Screen 5,"Auditorium.Comfort.Recliners,Auditorium.Comfort.ReservedSeating,Format.Projection.Scope,Showtime.Accessibility.AudioDescription,Showtime.Accessibility.ClosedCaption",2026-10-06 18:30:19,2026-10-07 07:30:18,,0
G01AA|1000026649|2026-10-10 19:15|Screen 1,G01AA,1000026649,2026-10-10 19:15,Screen 1,"Auditorium.Comfort.Recliners,Auditorium.Comfort.ReservedSeating,Format.Projection.Scope,Showtime.Accessibility.AudioDescription,Showtime.Accessibility.ClosedCaption",2026-09-24 22:03:07,2026-10-06 18:15:16,2026-10-06 18:30:19,9
G01AA|1000015739|2026-10-10 19:15|Screen 2,G01AA,1000015739,2026-10-10 19:15,Screen 2,"Auditorium.Comfort.Recliners,Auditorium.Comfort.ReservedSeating,Format.Projection.Scope,Showtime.Accessibility.AudioDescription,Showtime.Accessibility.ClosedCaption",2026-10-06 18:30:19,2026-10-07 07:30:18,,12
G01AA|1000026649|2026-10-10 19:20|Screen 1,G01AA,1000026649,2026-10-10 19:20,Screen 1,"Auditorium.Comfort.Recliners,Auditorium.Comfort.ReservedSeating,Format.Projection.Scope,Showtime.Accessibility.AudioDescription,Showtime.Accessibility.ClosedCaption",2026-10-06 18:30:19,2026-10-07 07:30:18,,12
G01AA|327174|2026-10-10 19:25|Screen 4,G01AA,327174,2026-10-10 19:25,Screen 4,"Auditorium.Comfort.Recliners,Auditorium.Comfort.ReservedSeating,Format.Projection.Digital,Screen.Accessibility.HearingImpaired,Showtime.Accessibility.AudioDescription,Showtime.Accessibility.ClosedCaption",2026-10-06 18:30:19,2026-10-07 07:30:18,,0
G01AA|1000023068|2026-10-10 19:30|Screen 3,G01AA,1000023068,2026-10-10 19:30,Screen 3,"Auditorium.Comfort.Recliners,Auditorium.Comfort.ReservedSeating,Format.Projection.Digital,Showtime.Accessibility.AudioDescription,Showtime.Accessibility.ClosedCaption",2026-10-06 18:30:19,2026-10-07 07:30:18,,0
G01AA|296642|2026-10-10 19:45|Screen 5,G01AA,296642,2026-10-10 19:45,Screen 5,"Auditorium.Comfort.Recliners,Auditorium.Comfort.ReservedSeating,Format.Projection.Scope,Showtime.Accessibility.AudioDescription,Showtime.Accessibility.ClosedCaption",2026-10-06 18:30:19,2026-10-07 07:30:18,,0
G01AA|1000026649|2026-10-10 21:55|Screen 1,G01AA,1000026649,2026-10-10 21:55,Screen 1,"Auditorium.Comfort.Recliners,Auditorium.Comfort.ReservedSeating,Format.Projection.Scope,Showtime.Accessibility.AudioDescription,Showtime.Accessibility.ClosedCaption",2026-10-06 18:30:19,2026-10-07 07:30:18,,0
G01AA|1000015739|2026-10-10 22:00|Screen 2,G01AA,1000015739,2026-10-10 22:00,Screen 2,"Auditorium.Comfort.Recliners,Auditorium.Comfort.ReservedSeating,Format.Projection.Scope,Showtime.Accessibility.AudioDescription,Showtime.Accessibility.ClosedCaption",2026-10-06 18:30:19,2026-10-07 07:30:18,,0
G01AA|1000023068|2026-10-10 22:10|Screen 3,G01AA,1000023068,2026-10-10 22:10,Screen 3,"Auditorium.Comfort.Recliners,Auditorium.Comfort.ReservedSeating,Format.Projection.Digital,Showtime.Accessibility.AudioDescription,Showtime.Accessibility.ClosedCaption",2026-10-06 18:30:19,2026-10-07 07:30:18,,0
G01AA|296642|2026-10-10 22:15|Screen 5,G01AA,296642,2026-10-10 22:15,Screen 5,"Auditorium.Comfort.Recliners,Auditorium.Comfort.ReservedSeating,Format.Projection.Scope,Showtime.Accessibility.AudioDescription,Showtime.Accessibility.ClosedCaption",2026-10-06 18:30:19,2026-10-07 07:30:18,,0
G01AA|327174|2026-10-10 22:20|Screen 4,G01AA,327174,2026-10-10 22:20,Screen 4,"Auditorium.Comfort.Recliners,Auditorium.Comfort.ReservedSeating,Format.Projection.Digital,Screen.Accessibility.HearingImpaired,Showtime.Accessibility.AudioDescription,Showtime.Accessibility.ClosedCaption",2026-10-06 18:30:19,2026-10-07 07:30:18,,0
G01AA|327174|2026-10-11 11:00|Screen 4,G01AA,327174,2026-10-11 11:00,Screen 4,"Auditorium.Comfort.Recliners,Auditorium.Comfort.ReservedSeating,Format.Projection.Digital,Screen.Accessibility.HearingImpaired,Showtime.Accessibility.AudioDescription,Showtime.Accessibility.ClosedCaption",2026-10-06 18:30:19,2026-10-07 07:30:18,,0
G01AA|1000015739|2026-10-11 11:05|Screen 2,G01AA,1000015739,2026-10-11 11:05,Screen 2,"Auditorium.Comfort.Recliners,Auditorium.Comfort.ReservedSeating,Format.Projection.Scope,Showtime.Accessibility.AudioDescription,Showtime.Accessibility.ClosedCaption",2026-10-06 18:30:19,2026-10-07 07:30:18,,0
G01AA|1000023068|2026-10-11 11:25|Screen 3,G01AA,1000023068,2026-10-11 11:25,Screen 3,"Auditorium.Comfort.Recliners,Auditorium.Comfort.ReservedSeating,Format.Projection.Digital,Showtime.Accessibility.AudioDescription,Showtime.Accessibility.ClosedCaption",2026-10-06 18:30:19,2026-10-07 07:30:18,,0
G01AA|1000026649|2026-10-11 11:30|Screen 1,G01AA,1000026649,2026-10-11 11:30,Screen 1,"Auditorium.Comfort.Recliners,Auditorium.Comfort.ReservedSeating,Format.Projection.Scope,Showtime.Accessibility.AudioDescription,Showtime.Accessibility.ClosedCaption",2026-10-06 18:30:19,2026-10-07 07:30:18,,0
G01AA|296642|2026-10-11 12:00|Screen 5,G01AA,296642,2026-10-11 12:00,Screen 5,"Auditorium.Comfort.Recliners,Auditorium.Comfort.ReservedSeating,Format.Projection.Scope,Showtime.Accessibility.AudioDescription,Showtime.Accessibility.ClosedCaption",2026-10-06 18:30:19,2026-10-07 07:30:18,,0
G01AA|1000015739|2026-10-11 13:45|Screen 2,G01AA,1000015739,2026-10-11 13:45,Screen 2,"Auditorium.Comfort.Recliners,Auditorium.Comfort.ReservedSeating,Format.Projection.Scope,Showtime.Accessibility.AudioDescription,Showtime.Accessibility.ClosedCaption",2026-10-06 18:30:19,2026-10-07 07:30:18,,0
G01AA|327174|2026-10-11 13:50|Screen 4,G01AA,327174,2026-10-11 13:50,Screen 4,"Auditorium.Comfort.Recliners,Auditorium.Comfort.ReservedSeating,Format.Projection.Digital,Screen.Accessibility.HearingImpaired,Showtime.Accessibility.AudioDescription,Showtime.Accessibility.ClosedCaption",2026-10-06 18:30:19,2026-10-07 07:30:18,,0
G01AA|1000023068|2026-10-11 14:00|Screen 3,G01AA,1000023068,2026-10-11 14:00,Screen 3,"Auditorium.Comfort.Recliners,Auditorium.Comfort.ReservedSeating,Format.Projection.Digital,Showtime.Accessibility.AudioDescription,Showtime.Accessibility.ClosedCaption",2026-10-06 18:30:19,2026-10-07 07:30:18,,0
G01AA|1000026649|2026-10-11 14:10|Screen 1,G01AA,1000026649,2026-10-11 14:10,Screen 1,"Auditorium.Comfort.Recliners,Auditorium.Comfort.ReservedSeating,Format.Projection.Scope,Showtime.Accessibility.AudioDescription,Showtime.Accessibility.ClosedCaption",2026-10-06 18:30:19,2026-10-07 07:30:18,,0
G01AA|296642|2026-10-11 14:35|Screen 5,G01AA,296642,2026-10-11 14:35,Screen 5,"Auditorium.Comfort.Recliners,Auditorium.Comfort.ReservedSeating,Format.Projection.Scope,Showtime.Accessibility.AudioDescription,Showtime.Accessibility.ClosedCaption",2026-10-06 18:30:19,2026-10-07 07:30:18,,0
G01AA|1000015739|2026-10-11 16:30|Screen 2,G01AA,1000015739,2026-10-11 16:30,Screen 2,"Auditorium.Comfort.Recliners,Auditorium.Comfort.ReservedSeating,Format.Projection.Scope,Showtime.Accessibility.AudioDescription,Showtime.Accessibility.ClosedCaption",2026-10-06 18:30:19,2026-10-07 07:30:18,,0
G01AA|327174|2026-10-11 16:35|Screen 4,G01AA,327174,2026-10-11 16:35,Screen 4,"Auditorium.Comfort.Recliners,Auditorium.Comfort.ReservedSeating,Format.Projection.Digital,Screen.Accessibility.HearingImpaired,Showtime.Accessibility.AudioDescription,Showtime.Accessibility.ClosedCaption",2026-10-06 18:30:19,2026-10-07 07:30:18,,0
G01AA|1000026649|2026-10-11 16:45|Screen 1,G01AA,1000026649,2026-10-11 16:45,Screen 1,"Auditorium.Comfort.Recliners,Auditorium.Comfort.ReservedSeating,Format.Projection.Scope,Showtime.Accessibility.AudioDescription,Showtime.Accessibility.ClosedCaption",2026-09-24 22:03:07,2026-10-07 07:30:18,,0
G01AA|1000023068|2026-10-11 16:50|Screen 3,G01AA,1000023068,2026-10-11 16:50,Screen 3,"Auditorium.Comfort.Recliners,Auditorium.Comfort.ReservedSeating,Format.Projection.Digital,Showtime.Accessibility.AudioDescription,Showtime.Accessibility.ClosedCaption",2026-10-06 18:30:19,2026-10-07 07:30:18,,0
G01AA|296642|2026-10-11 17:10|Screen 5,G01AA,296642,2026-10-11 17:10,Screen 5,"Auditorium.Comfort.Recliners,Auditorium.Comfort.ReservedSeating,Format.Projection.Scope,Showtime.Accessibility.AudioDescription,Showtime.Accessibility.ClosedCaption",2026-10-06 18:30:19,2026-10-07 07:30:18,,0
G01AA|1000026649|2026-10-11 19:15|Screen 1,G01AA,1000026649,2026-10-11 19:15,Screen 1,"Auditorium.Comfort.Recliners,Auditorium.Comfort.ReservedSeating,Format.Projection.Scope,Showtime.Accessibility.AudioDescription,Showtime.Accessibility.ClosedCaption",2026-09-24 22:03:07,2026-10-06 18:15:16,2026-10-06 18:30:19,0
G01AA|1000015739|2026-10-11 19:15|Screen 2,G01AA,1000015739,2026-10-11 19:15,Screen 2,"Auditorium.Comfort.Recliners,Auditorium.Comfort.ReservedSeating,Format.Projection.Scope,Showtime.Accessibility.AudioDescription,Showtime.Accessibility.ClosedCaption",2026-10-06 18:30:19,2026-10-07 07:30:18,,0
G01AA|1000026649|2026-10-11 19:20|Screen 1,G01AA,1000026649,2026-10-11 19:20,Screen 1,"Auditorium.Comfort.Recliners,Auditorium.Comfort.ReservedSeating,Format.Projection.Scope,Showtime.Accessibility.AudioDescription,Showtime.Accessibility.ClosedCaption",2026-10-06 18:30:19,2026-10-07 07:30:18,,0
G01AA|327174|2026-10-11 19:25|Screen 4,G01AA,327174,2026-10-11 19:25,Screen 4,"Auditorium.Comfort.Recliners,Auditorium.Comfort.ReservedSeating,Format.Projection.Digital,Screen.Accessibility.HearingImpaired,Showtime.Accessibility.AudioDescription,Showtime.Accessibility.ClosedCaption",2026-10-06 18:30:19,2026-10-07 07:30:18,,0
G01AA|1000023068|2026-10-11 19:30|Screen 3,G01AA,1000023068,2026-10-11 19:30,Screen 3,"Auditorium.Comfort.Recliners,Auditorium.Comfort.ReservedSeating,Format.Projection.Digital,Showtime.Accessibility.AudioDescription,Showtime.Accessibility.ClosedCaption",2026-10-06 18:30:19,2026-10-07 07:30:18,,0
G01AA|296642|2026-10-11 19:45|Screen 5,G01AA,296642,2026-10-11 19:45,Screen 5,"Auditorium.Comfort.Recliners,Auditorium.Comfort.ReservedSeating,Format.Projection.Scope,Showtime.Accessibility.AudioDescription,Showtime.Accessibility.ClosedCaption",2026-10-06 18:30:19,2026-10-07 07:30:18,,0
G01AA|1000015739|2026-10-12 13:45|Screen 2,G01AA,1000015739,2026-10-12 13:45,Screen 2,"Auditorium.Comfort.Recliners,Auditorium.Comfort.ReservedSeating,Format.Projection.Scope,Showtime.Accessibility.AudioDescription,Showtime.Accessibility.ClosedCaption",2026-10-06 18:30:19,2026-10-07 07:30:18,,0
G01AA|327174|2026-10-12 13:50|Screen 4,G01AA,327174,2026-10-12 13:50,Screen 4,"Auditorium.Comfort.Recliners,Auditorium.Comfort.ReservedSeating,Format.Projection.Digital,Screen.Accessibility.HearingImpaired,Showtime.Accessibility.AudioDescription,Showtime.Accessibility.ClosedCaption",2026-10-06 18:30:19,2026-10-07 07:30:18,,0
G01AA|1000023068|2026-10-12 14:00|Screen 3,G01AA,1000023068,2026-10-12 14:00,Screen 3,"Auditorium.Comfort.Recliners,Auditorium.Comfort.ReservedSeating,Format.Projection.Digital,Showtime.Accessibility.AudioDescription,Showtime.Accessibility.ClosedCaption",2026-10-06 18:30:19,2026-10-07 07:30:18,,0
G01AA|1000026649|2026-10-12 14:10|Screen 1,G01AA,1000026649,2026-10-12 14:10,Screen 1,"Auditorium.Comfort.Recliners,Auditorium.Comfort.ReservedSeating,Format.Projection.Scope,Showtime.Accessibility.AudioDescription,Showtime.Accessibility.ClosedCaption",2026-10-06 18:30:19,2026-10-07 07:30:18,,0
G01AA|296642|2026-10-12 14:35|Screen 5,G01AA,296642,2026-10-12 14:35,Screen 5,"Auditorium.Comfort.Recliners,Auditorium.Comfort.ReservedSeating,Format.Projection.Scope,Showtime.Accessibility.AudioDescription,Showtime.Accessibility.ClosedCaption",2026-10-06 18:30:19,2026-10-07 07:30:18,,0
G01AA|1000015739|2026-10-12 16:30|Screen 2,G01AA,1000015739,2026-10-12 16:30,Screen 2,"Auditorium.Comfort.Recliners,Auditorium.Comfort.ReservedSeating,Format.Projection.Scope,Showtime.Accessibility.AudioDescription,Showtime.Accessibility.ClosedCaption",2026-10-06 18:30:19,2026-10-07 07:30:18,,0
G01AA|327174|2026-10-12 16:35|Screen 4,G01AA,327174,2026-10-12 16:35,Screen 4,"Auditorium.Comfort.Recliners,Auditorium.Comfort.ReservedSeating,Format.Projection.Digital,Screen.Accessibility.HearingImpaired,Showtime.Accessibility.AudioDescription,Showtime.Accessibility.ClosedCaption",2026-10-06 18:30:19,2026-10-07 07:30:18,,0
G01AA|1000026649|2026-10-12 16:45|Screen 1,G01AA,1000026649,2026-10-12 16:45,Screen 1,"Auditorium.Comfort.Recliners,Auditorium.Comfort.ReservedSeating,Format.Projection.Scope,Showtime.Accessibility.AudioDescription,Showtime.Accessibility.ClosedCaption",2026-10-06 18:30:19,2026-10-07 07:30:18,,0
G01AA|1000023068|2026-10-12 16:50|Screen 3,G01AA,1000023068,2026-10-12 16:50,Screen 3,"Auditorium.Comfort.Recliners,Auditorium.Comfort.ReservedSeating,Format.Projection.Digital,Showtime.Accessibility.AudioDescription,Showtime.Accessibility.ClosedCaption",2026-10-06 18:30:19,2026-10-07 07:30:18,,0
G01AA|296642|2026-10-12 17:10|Screen 5,G01AA,296642,2026-10-12 17:10,Screen 5,"Auditorium.Comfort.Recliners,Auditorium.Comfort.ReservedSeating,Format.Projection.Scope,Showtime.Accessibility.AudioDescription,Showtime.Accessibility.ClosedCaption",2026-10-06 18:30:19,2026-10-07 07:30:18,,0
G01AA|1000015739|2026-10-12 19:15|Screen 2,G01AA,1000015739,2026-10-12 19:15,Screen 2,"Auditorium.Comfort.Recliners,Auditorium.Comfort.ReservedSeating,Format.Projection.Scope,Showtime.Accessibility.AudioDescription,Showtime.Accessibility.ClosedCaption",2026-10-06 18:30:19,2026-10-07 07:30:18,,0
G01AA|1000026649|2026-10-12 19:20|Screen 1,G01AA,1000026649,2026-10-12 19:20,Screen 1,"Auditorium.Comfort.Recliners,Auditorium.Comfort.ReservedSeating,Format.Projection.Scope,Showtime.Accessibility.AudioDescription,Showtime.Accessibility.ClosedCaption",2026-10-06 18:30:19,2026-10-07 07:30:18,,0
G01AA|327174|2026-10-12 19:25|Screen 4,G01AA,327174,2026-10-12 19:25,Screen 4,"Auditorium.Comfort.Recliners,Auditorium.Comfort.ReservedSeating,Format.Projection.Digital,Screen.Accessibility.HearingImpaired,Showtime.Accessibility.AudioDescription,Showtime.Accessibility.ClosedCaption",2026-10-06 18:30:19,2026-10-07 07:30:18,,0
G01AA|1000023068|2026-10-12 19:30|Screen 3,G01AA,1000023068,2026-10-12 19:30,Screen 3,"Auditorium.Comfort.Recliners,Auditorium.Comfort.ReservedSeating,Format.Projection.Digital,Showtime.Accessibility.AudioDescription,Showtime.Accessibility.ClosedCaption",2026-10-06 18:30:19,2026-10-07 07:30:18,,0
G01AA|296642|2026-10-12 19:45|Screen 5,G01AA,296642,2026-10-12 19:45,Screen 5,"Auditorium.Comfort.Recliners,Auditorium.Comfort.ReservedSeating,Format.Projection.Scope,Showtime.Accessibility.AudioDescription,Showtime.Accessibility.ClosedCaption",2026-10-06 18:30:19,2026-10-07 07:30:18,,0
G01AA|1000015739|2026-10-13 13:45|Screen 2,G01AA,1000015739,2026-10-13 13:45,Screen 2,"Auditorium.Comfort.Recliners,Auditorium.Comfort.ReservedSeating,Format.Projection.Scope,Showtime.Accessibility.AudioDescription,Showtime.Accessibility.ClosedCaption",2026-10-06 18:30:19,2026-10-07 07:30:18,,0
G01AA|327174|2026-10-13 13:50|Screen 4,G01AA,327174,2026-10-13 13:50,Screen 4,"Auditorium.Comfort.Recliners,Auditorium.Comfort.ReservedSeating,Format.Projection.Digital,Screen.Accessibility.HearingImpaired,Showtime.Accessibility.AudioDescription,Showtime.Accessibility.ClosedCaption",2026-10-06 18:30:19,2026-10-07 07:30:18,,0
G01AA|1000023068|2026-10-13 14:00|Screen 3,G01AA,1000023068,2026-10-13 14:00,Screen 3,"Auditorium.Comfort.Recliners,Auditorium.Comfort.ReservedSeating,Format.Projection.Digital,Showtime.Accessibility.AudioDescription,Showtime.Accessibility.ClosedCaption",2026-10-06 18:30:19,2026-10-07 07:30:18,,0
G01AA|1000026649|2026-10-13 14:10|Screen 1,G01AA,1000026649,2026-10-13 14:10,Screen 1,"Auditorium.Comfort.Recliners,Auditorium.Comfort.ReservedSeating,Format.Projection.Scope,Showtime.Accessibility.AudioDescription,Showtime.Accessibility.ClosedCaption",2026-10-06 18:30:19,2026-10-07 07:30:18,,0
G01AA|296642|2026-10-13 14:35|Screen 5,G01AA,296642,2026-10-13 14:35,Screen 5,"Auditorium.Comfort.Recliners,Auditorium.Comfort.ReservedSeating,Format.Projection.Scope,Showtime.Accessibility.AudioDescription,Showtime.Accessibility.ClosedCaption",2026-10-06 18:30:19,2026-10-07 07:30:18,,0
G01AA|1000015739|2026-10-13 16:30|Screen 2,G01AA,1000015739,2026-10-13 16:30,Screen 2,"Auditorium.Comfort.Recliners,Auditorium.Comfort.ReservedSeating,Format.Projection.Scope,Showtime.Accessibility.AudioDescription,Showtime.Accessibility.ClosedCaption",2026-10-06 18:30:19,2026-10-07 07:30:18,,0
G01AA|327174|2026-10-13 16:35|Screen 4,G01AA,327174,2026-10-13 16:35,Screen 4,"Auditorium.Comfort.Recliners,Auditorium.Comfort.ReservedSeating,Format.Projection.Digital,Screen.Accessibility.HearingImpaired,Showtime.Accessibility.AudioDescription,Showtime.Accessibility.ClosedCaption",2026-10-06 18:30:19,2026-10-07 07:30:18,,0
G01AA|1000026649|2026-10-13 16:45|Screen 1,G01AA,1000026649,2026-10-13 16:45,Screen 1,"Auditorium.Comfort.Recliners,Auditorium.Comfort.ReservedSeating,Format.Projection.Scope,Showtime.Accessibility.AudioDescription,Showtime.Accessibility.ClosedCaption",2026-10-06 18:30:19,2026-10-07 07:30:18,,0
G01AA|1000023068|2026-10-13 16:50|Screen 3,G01AA,1000023068,2026-10-13 16:50,Screen 3,"Auditorium.Comfort.Recliners,Auditorium.Comfort.ReservedSeating,Format.Projection.Digital,Showtime.Accessibility.AudioDescription,Showtime.Accessibility.ClosedCaption",2026-10-06 18:30:19,2026-10-07 07:30:18,,0
G01AA|296642|2026-10-13 17:10|Screen 5,G01AA,296642,2026-10-13 17:10,Screen 5,"Auditorium.Comfort.Recliners,Auditorium.Comfort.ReservedSeating,Format.Projection.Scope,Internal.Data.AlmostSoldOut,Showtime.Accessibility.AudioDescription,Showtime.Accessibility.ClosedCaption",2026-10-06 18:30:19,2026-10-07 07:30:18,,95
G01AA|1000015739|2026-10-13 19:15|Screen 2,G01AA,1000015739,2026-10-13 19:15,Screen 2,"Auditorium.Comfort.Recliners,Auditorium.Comfort.ReservedSeating,Format.Projection.Scope,Showtime.Accessibility.AudioDescription,Showtime.Accessibility.ClosedCaption",2026-10-06 18:30:19,2026-10-07 07:30:18,,0
G01AA|1000026649|2026-10-13 19:20|Screen 1,G01AA,1000026649,2026-10-13 19:20,Screen 1,"Auditorium.Comfort.Recliners,Auditorium.Comfort.ReservedSeating,Format.Projection.Scope,Showtime.Accessibility.AudioDescription,Showtime.Accessibility.ClosedCaption",2026-10-06 18:30:19,2026-10-07 07:30:18,,0
G01AA|327174|2026-10-13 19:25|Screen 4,G01AA,327174,2026-10-13 19:25,Screen 4,"Auditorium.Comfort.Recliners,Auditorium.Comfort.ReservedSeating,Format.Projection.Digital,Screen.Accessibility.HearingImpaired,Showtime.Accessibility.AudioDescription,Showtime.Accessibility.ClosedCaption",2026-10-06 18:30:19,2026-10-07 07:30:18,,0
G01AA|1000023068|2026-10-13 19:30|Screen 3,G01AA,1000023068,2026-10-13 19:30,Screen 3,"Auditorium.Comfort.Recliners,Auditorium.Comfort.ReservedSeating,Format.Projection.Digital,Showtime.Accessibility.AudioDescription,Showtime.Accessibility.ClosedCaption",2026-10-06 18:30:19,2026-10-07 07:30:18,,0
G01AA|296642|2026-10-13 19:45|Screen 5,G01AA,296642,2026-10-13 19:45,Screen 5,"Auditorium.Comfort.Recliners,Auditorium.Comfort.ReservedSeating,Format.Projection.Scope,Showtime.Accessibility.AudioDescription,Showtime.Accessibility.ClosedCaption",2026-10-06 18:30:19,2026-10-07 07:30:18,,0
G01AA|1000015739|2026-10-14 13:45|Screen 2,G01AA,1000015739,2026-10-14 13:45,Screen 2,"Auditorium.Comfort.Recliners,Auditorium.Comfort.ReservedSeating,Format.Projection.Scope,Showtime.Accessibility.AudioDescription,Showtime.Accessibility.ClosedCaption",2026-10-06 18:30:19,2026-10-07 07:30:18,,0
G01AA|327174|2026-10-14 13:50|Screen 4,G01AA,327174,2026-10-14 13:50,Screen 4,"Auditorium.Comfort.Recliners,Auditorium.Comfort.ReservedSeating,Format.Projection.Digital,Screen.Accessibility.HearingImpaired,Showtime.Accessibility.AudioDescription,Showtime.Accessibility.ClosedCaption",2026-10-06 18:30:19,2026-10-07 07:30:18,,0
G01AA|1000023068|2026-10-14 14:00|Screen 3,G01AA,1000023068,2026-10-14 14:00,Screen 3,"Auditorium.Comfort.Recliners,Auditorium.Comfort.ReservedSeating,Format.Projection.Digital,Showtime.Accessibility.AudioDescription,Showtime.Accessibility.ClosedCaption",2026-10-06 18:30:19,2026-10-07 07:30:18,,0
G01AA|1000026649|2026-10-14 14:10|Screen 1,G01AA,1000026649,2026-10-14 14:10,Screen 1,"Auditorium.Comfort.Recliners,Auditorium.Comfort.ReservedSeating,Format.Projection.Scope,Showtime.Accessibility.AudioDescription,Showtime.Accessibility.ClosedCaption",2026-10-06 18:30:19,2026-10-07 07:30:18,,0
G01AA|296642|2026-10-14 14:35|Screen 5,G01AA,296642,2026-10-14 14:35,Screen 5,"Auditorium.Comfort.Recliners,Auditorium.Comfort.ReservedSeating,Format.Projection.Scope,Showtime.Accessibility.AudioDescription,Showtime.Accessibility.ClosedCaption",2026-10-06 18:30:19,2026-10-07 07:30:18,,0
G01AA|1000015739|2026-10-14 16:30|Screen 2,G01AA,1000015739,2026-10-14 16:30,Screen 2,"Auditorium.Comfort.Recliners,Auditorium.Comfort.ReservedSeating,Format.Projection.Scope,Showtime.Accessibility.AudioDescription,Showtime.Accessibility.ClosedCaption",2026-10-06 18:30:19,2026-10-07 07:30:18,,0
G01AA|327174|2026-10-14 16:35|Screen 4,G01AA,327174,2026-10-14 16:35,Screen 4,"Auditorium.Comfort.Recliners,Auditorium.Comfort.ReservedSeating,Format.Projection.Digital,Screen.Accessibility.HearingImpaired,Showtime.Accessibility.AudioDescription,Showtime.Accessibility.ClosedCaption",2026-10-06 18:30:19,2026-10-07 07:30:18,,0
G01AA|1000026649|2026-10-14 16:45|Screen 1,G01AA,1000026649,2026-10-14 16:45,Screen 1,"Auditorium.Comfort.Recliners,Auditorium.Comfort.ReservedSeating,Format.Projection.Scope,Showtime.Accessibility.AudioDescription,Showtime.Accessibility.ClosedCaption",2026-10-06 18:30:19,2026-10-07 07:30:18,,0
G01AA|1000023068|2026-10-14 16:50|Screen 3,G01AA,1000023068,2026-10-14 16:50,Screen 3,"Auditorium.Comfort.Recliners,Auditorium.Comfort.ReservedSeating,Format.Projection.Digital,Showtime.Accessibility.AudioDescription,Showtime.Accessibility.ClosedCaption",2026-10-06 18:30:19,2026-10-07 07:30:18,,0
G01AA|296642|2026-10-14 17:10|Screen 5,G01AA,296642,2026-10-14 17:10,Screen 5,"Auditorium.Comfort.Recliners,Auditorium.Comfort.ReservedSeating,Format.Projection.Scope,Showtime.Accessibility.AudioDescription,Showtime.Accessibility.ClosedCaption",2026-10-06 18:30:19,2026-10-07 07:30:18,,0
G01AA|1000015739|2026-10-14 19:15|Screen 2,G01AA,1000015739,2026-10-14 19:15,Screen 2,"Auditorium.Comfort.Recliners,Auditorium.Comfort.ReservedSeating,Format.Projection.Scope,Showtime.Accessibility.AudioDescription,Showtime.Accessibility.ClosedCaption",2026-10-06 18:30:19,2026-10-07 07:30:18,,0
G01AA|1000026649|2026-10-14 19:20|Screen 1,G01AA,1000026649,2026-10-14 19:20,Screen 1,"Auditorium.Comfort.Recliners,Auditorium.Comfort.ReservedSeating,Format.Projection.Scope,Showtime.Accessibility.AudioDescription,Showtime.Accessibility.ClosedCaption",2026-10-06 18:30:19,2026-10-07 07:30:18,,0
G01AA|327174|2026-10-14 19:25|Screen 4,G01AA,327174,2026-10-14 19:25,Screen 4,"Auditorium.Comfort.Recliners,Auditorium.Comfort.ReservedSeating,Format.Projection.Digital,Screen.Accessibility.HearingImpaired,Showtime.Accessibility.AudioDescription,Showtime.Accessibility.ClosedCaption",2026-10-06 18:30:19,2026-10-07 07:30:18,,0
G01AA|1000023068|2026-10-14 19:30|Screen 3,G01AA,1000023068,2026-10-14 19:30,Screen 3,"Auditorium.Comfort.Recliners,Auditorium.Comfort.ReservedSeating,Format.Projection.Digital,Showtime.Accessibility.AudioDescription,Showtime.Accessibility.ClosedCaption",2026-10-06 18:30:19,2026-10-07 07:30:18,,0
G01AA|296642|2026-10-14 19:45|Screen 5,G01AA,296642,2026-10-14 19:45,Screen 5,"Auditorium.Comfort.Recliners,Auditorium.Comfort.ReservedSeating,Format.Projection.Scope,Showtime.Accessibility.AudioDescription,Showtime.Accessibility.ClosedCaption",2026-10-06 18:30:19,2026-10-07 07:30:18,,0
G01AA|1000015739|2026-10-15 13:45|Screen 2,G01AA,1000015739,2026-10-15 13:45,Screen 2,"Auditorium.Comfort.Recliners,Auditorium.Comfort.ReservedSeating,Format.Projection.Scope,Showtime.Accessibility.AudioDescription,Showtime.Accessibility.ClosedCaption",2026-10-06 18:30:19,2026-10-07 07:30:18,,0
G01AA|1000023068|2026-10-15 14:05|Screen 5,G01AA,1000023068,2026-10-15 14:05,Screen 5,"Auditorium.Comfort.Recliners,Auditorium.Comfort.ReservedSeating,Format.Projection.Digital,Showtime.Accessibility.AudioDescription,Showtime.Accessibility.ClosedCaption",2026-10-06 18:30:19,2026-10-07 07:30:18,,0
G01AA|1000026649|2026-10-15 14:10|Screen 1,G01AA,1000026649,2026-10-15 14:10,Screen 1,"Auditorium.Comfort.Recliners,Auditorium.Comfort.ReservedSeating,Format.Projection.Scope,Showtime.Accessibility.AudioDescription,Showtime.Accessibility.ClosedCaption",2026-10-06 18:30:19,2026-10-07 07:30:18,,0
G01AA|314939|2026-10-15 16:15|Screen 3,G01AA,314939,2026-10-15 16:15,Screen 3,"Auditorium.Comfort.Recliners,Auditorium.Comfort.ReservedSeating,Format.Projection.Scope,Showtime.Accessibility.AudioDescription,Showtime.Accessibility.ClosedCaption",2026-10-06 18:30:19,2026-10-07 07:30:18,,0
G01AA|1000015739|2026-10-15 16:30|Screen 2,G01AA,1000015739,2026-10-15 16:30,Screen 2,"Auditorium.Comfort.Recliners,Auditorium.Comfort.ReservedSeating,Format.Projection.Scope,Showtime.Accessibility.AudioDescription,Showtime.Accessibility.ClosedCaption",2026-10-06 18:30:19,2026-10-07 07:30:18,,0
G01AA|1000023068|2026-10-15 16:40|Screen 5,G01AA,1000023068,2026-10-15 16:40,Screen 5,"Auditorium.Comfort.Recliners,Auditorium.Comfort.ReservedSeating,Format.Projection.Digital,Showtime.Accessibility.AudioDescription,Showtime.Accessibility.ClosedCaption",2026-10-06 18:30:19,2026-10-07 07:30:18,,0
G01AA|1000026649|2026-10-15 16:45|Screen 1,G01AA,1000026649,2026-10-15 16:45,Screen 1,"Auditorium.Comfort.Recliners,Auditorium.Comfort.ReservedSeating,Format.Projection.Scope,Showtime.Accessibility.AudioDescription,Showtime.Accessibility.ClosedCaption",2026-10-06 18:30:19,2026-10-07 07:30:18,,0
G01AA|314939|2026-10-15 19:00|Screen 3,G01AA,314939,2026-10-15 19:00,Screen 3,"Auditorium.Comfort.Recliners,Auditorium.Comfort.ReservedSeating,Format.Projection.Scope,Showtime.Accessibility.AudioDescription,Showtime.Accessibility.ClosedCaption",2026-10-06 18:30:19,2026-10-07 07:30:18,,0
G01AA|1000015739|2026-10-15 19:15|Screen 2,G01AA,1000015739,2026-10-15 19:15,Screen 2,"Auditorium.Comfort.Recliners,Auditorium.Comfort.ReservedSeating,Format.Projection.Scope,Showtime.Accessibility.AudioDescription,Showtime.Accessibility.ClosedCaption",2026-10-06 18:30:19,2026-10-07 07:30:18,,0
G01AA|1000026649|2026-10-15 19:20|Screen 1,G01AA,1000026649,2026-10-15 19:20,Screen 1,"Auditorium.Comfort.Recliners,Auditorium.Comfort.ReservedSeating,Format.Projection.Scope,Showtime.Accessibility.AudioDescription,Showtime.Accessibility.ClosedCaption",2026-10-06 18:30:19,2026-10-07 07:30:18,,0
G01AA|1000023068|2026-10-15 19:30|Screen 5,G01AA,1000023068,2026-10-15 19:30,Screen 5,"Auditorium.Comfort.Recliners,Auditorium.Comfort.ReservedSeating,Format.Projection.Digital,Showtime.Accessibility.AudioDescription,Showtime.Accessibility.ClosedCaption",2026-10-06 18:30:19,2026-10-07 07:30:18,,0
G01AA|176961|2026-10-16 22:00|Screen 5,G01AA,176961,2026-10-16 22:00,Screen 5,"Auditorium.Comfort.Recliners,Auditorium.Comfort.ReservedSeating,Format.Projection.Scope",2026-09-24 22:03:07,2026-10-07 07:30:18,,0
G01AA|296439|2026-10-22 15:45|Screen 2,G01AA,296439,2026-10-22 15:45,Screen 2,"Auditorium.Comfort.Recliners,Auditorium.Comfort.ReservedSeating,Format.Projection.Digital,Showtime.Accessibility.AudioDescription,Showtime.Accessibility.ClosedCaption",2026-09-24 22:03:07,2026-10-07 07:30:18,,0
G01AA|296439|2026-10-22 19:00|Screen 2,G01AA,296439,2026-10-22 19:00,Screen 2,"Auditorium.Comfort.Recliners,Auditorium.Comfort.ReservedSeating,Format.Projection.Digital,Showtime.Accessibility.AudioDescription,Showtime.Accessibility.ClosedCaption",2026-09-24 22:03:07,2026-10-07 07:30:18,,0
G01AA|296439|2026-10-23 15:45|Screen 2,G01AA,296439,2026-10-23 15:45,Screen 2,"Auditorium.Comfort.Recliners,Auditorium.Comfort.ReservedSeating,Format.Projection.Digital,Showtime.Accessibility.AudioDescription,Showtime.Accessibility.ClosedCaption",2026-09-24 22:03:07,2026-10-07 07:30:18,,0
G01AA|296439|2026-10-23 19:00|Screen 2,G01AA,296439,2026-10-23 19:00,Screen 2,"Auditorium.Comfort.Recliners,Auditorium.Comfort.ReservedSeating,Format.Projection.Digital,Showtime.Accessibility.AudioDescription,Showtime.Accessibility.ClosedCaption",2026-09-24 22:03:07,2026-10-07 07:30:18,,0
G01AA|17491|2026-10-23 22:00|Screen 5,G01AA,17491,2026-10-23 22:00,Screen 5,"Auditorium.Comfort.Recliners,Auditorium.Comfort.ReservedSeating,Format.Projection.Scope",2026-09-24 22:03:07,2026-10-07 07:30:18,,0
G01AA|296439|2026-10-24 11:30|Screen 1,G01AA,296439,2026-10-24 11:30,Screen 1,"Auditorium.Comfort.Recliners,Auditorium.Comfort.ReservedSeating,Format.Projection.Digital,Showtime.Accessibility.AudioDescription,Showtime.Accessibility.ClosedCaption",2026-09-24 22:03:07,2026-10-07 07:30:18,,0
G01AA|296439|2026-10-24 15:45|Screen 2,G01AA,296439,2026-10-24 15:45,Screen 2,"Auditorium.Comfort.Recliners,Auditorium.Comfort.ReservedSeating,Format.Projection.Digital,Showtime.Accessibility.AudioDescription,Showtime.Accessibility.ClosedCaption",2026-09-24 22:03:07,2026-10-07 07:30:18,,0
G01AA|296439|2026-10-24 19:00|Screen 2,G01AA,296439,2026-10-24 19:00,Screen 2,"Auditorium.Comfort.Recliners,Auditorium.Comfort.ReservedSeating,Format.Projection.Digital,Showtime.Accessibility.AudioDescription,Showtime.Accessibility.ClosedCaption",2026-09-24 22:03:07,2026-10-07 07:30:18,,0
G01AA|17491|2026-10-24 22:00|Screen 5,G01AA,17491,2026-10-24 22:00,Screen 5,"Auditorium.Comfort.Recliners,Auditorium.Comfort.ReservedSeating,Format.Projection.Scope",2026-09-24 22:03:07,2026-10-07 07:30:18,,0
G01AA|296439|2026-10-25 11:30|Screen 1,G01AA,296439,2026-10-25 11:30,Screen 1,"Auditorium.Comfort.Recliners,Auditorium.Comfort.ReservedSeating,Format.Projection.Digital,Showtime.Accessibility.AudioDescription,Showtime.Accessibility.ClosedCaption",2026-09-24 22:03:07,2026-10-07 07:30:18,,0
G01AA|296439|2026-10-25 15:45|Screen 2,G01AA,296439,2026-10-25 15:45,Screen 2,"Auditorium.Comfort.Recliners,Auditorium.Comfort.ReservedSeating,Format.Projection.Digital,Showtime.Accessibility.AudioDescription,Showtime.Accessibility.ClosedCaption",2026-09-24 22:03:07,2026-10-07 07:30:18,,0
G01AA|296439|2026-10-25 19:00|Screen 2,G01AA,296439,2026-10-25 19:00,Screen 2,"Auditorium.Comfort.Recliners,Auditorium.Comfort.ReservedSeating,Format.Projection.Digital,Showtime.Accessibility.AudioDescription,Showtime.Accessibility.ClosedCaption",2026-09-24 22:03:07,2026-10-07 07:30:18,,0
G01AA|17491|2026-10-25 22:00|Screen 5,G01AA,17491,2026-10-25 22:00,Screen 5,"Auditorium.Comfort.Recliners,Auditorium.Comfort.ReservedSeating,Format.Projection.Scope",2026-09-24 22:03:07,2026-10-07 07:30:18,,0
G01AA|1000043539|2026-10-30 22:00|Screen 5,G01AA,1000043539,2026-10-30 22:00,Screen 5,"Auditorium.Comfort.Recliners,Auditorium.Comfort.ReservedSeating,Format.Projection.Digital",2026-09-24 22:03:07,2026-10-07 07:30:18,,0
G01AA|269068|2026-12-17 14:00|Screen 2,G01AA,269068,2026-12-17 14:00,Screen 2,"Auditorium.Comfort.Recliners,Auditorium.Comfort.ReservedSeating,Format.Projection.Digital,Showtime.Accessibility.AudioDescription,Showtime.Accessibility.ClosedCaption",2026-09-24 22:03:07,2026-10-07 07:30:18,,8
G01AA|269068|2026-12-17 15:30|Screen 1,G01AA,269068,2026-12-17 15:30,Screen 1,"Auditorium.Comfort.Recliners,Auditorium.Comfort.ReservedSeating,Format.Projection.Digital,Showtime.Accessibility.AudioDescription,Showtime.Accessibility.ClosedCaption",2026-09-24 22:03:07,2026-10-07 07:30:18,,27
G01AA|269068|2026-12-17 19:00|Screen 1,G01AA,269068,2026-12-17 19:00,Screen 1,"Auditorium.Comfort.Recliners,Auditorium.Comfort.ReservedSeating,Format.Projection.Digital,Showtime.Accessibility.AudioDescription,Showtime.Accessibility.ClosedCaption",2026-09-24 22:03:07,2026-10-07 07:30:18,,47
G01AA|269068|2026-12-18 12:00|Screen 1,G01AA,269068,2026-12-18 12:00,Screen 1,"Auditorium.Comfort.Recliners,Auditorium.Comfort.ReservedSeating,Format.Projection.Digital,Showtime.Accessibility.AudioDescription,Showtime.Accessibility.ClosedCaption",2026-09-24 22:03:07,2026-10-07 07:30:18,,9
G01AA|269068|2026-12-18 15:45|Screen 2,G01AA,269068,2026-12-18 15:45,Screen 2,"Auditorium.Comfort.Recliners,Auditorium.Comfort.ReservedSeating,Format.Projection.Digital,Showtime.Accessibility.AudioDescription,Showtime.Accessibility.ClosedCaption",2026-09-24 22:03:07,2026-10-07 07:30:18,,45
G01AA|269068|2026-12-18 19:00|Screen 1,G01AA,269068,2026-12-18 19:00,Screen 1,"Auditorium.Comfort.Recliners,Auditorium.Comfort.ReservedSeating,Format.Projection.Digital,Showtime.Accessibility.AudioDescription,Showtime.Accessibility.ClosedCaption",2026-09-24 22:03:07,2026-10-07 07:30:18,,42
G01AA|269068|2026-12-19 12:00|Screen 1,G01AA,269068,2026-12-19 12:00,Screen 1,"Auditorium.Comfort.Recliners,Auditorium.Comfort.ReservedSeating,Format.Projection.Digital,Showtime.Accessibility.AudioDescription,Showtime.Accessibility.ClosedCaption",2026-09-24 22:03:07,2026-10-07 07:30:18,,26
G01AA|269068|2026-12-19 15:45|Screen 2,G01AA,269068,2026-12-19 15:45,Screen 2,"Auditorium.Comfort.Recliners,Auditorium.Comfort.ReservedSeating,Format.Projection.Digital,Showtime.Accessibility.AudioDescription,Showtime.Accessibility.ClosedCaption",2026-09-24 22:03:07,2026-10-07 07:30:18,,10
G01AA|269068|2026-12-19 19:00|Screen 1,G01AA,269068,2026-12-19 19:00,Screen 1,"Auditorium.Comfort.Recliners,Auditorium.Comfort.ReservedSeating,Format.Projection.Digital,Showtime.Accessibility.AudioDescription,Showtime.Accessibility.ClosedCaption",2026-09-24 22:03:07,2026-10-07 07:30:18,,28
G01AA|269068|2026-12-20 12:00|Screen 1,G01AA,269068,2026-12-20 12:00,Screen 1,"Auditorium.Comfort.Recliners,Auditorium.Comfort.ReservedSeating,Format.Projection.Digital,Showtime.Accessibility.AudioDescription,Showtime.Accessibility.ClosedCaption",2026-09-24 22:03:07,2026-10-07 07:30:18,,6
G01AA|269068|2026-12-20 15:45|Screen 2,G01AA,269068,2026-12-20 15:45,Screen 2,"Auditorium.Comfort.Recliners,Auditorium.Comfort.ReservedSeating,Format.Projection.Digital,Showtime.Accessibility.AudioDescription,Showtime.Accessibility.ClosedCaption",2026-09-24 22:03:07,2026-10-07 07:30:18,,0
G01AA|269068|2026-12-20 19:00|Screen 1,G01AA,269068,2026-12-20 19:00,Screen 1,"Auditorium.Comfort.Recliners,Auditorium.Comfort.ReservedSeating,Format.Projection.Digital,Showtime.Accessibility.AudioDescription,Showtime.Accessibility.ClosedCaption",2026-09-24 22:03:07,2026-10-07 07:30:18,,0
